id,filename,text,duration,loudness,roughness,brightness,path
0,voice_0000.wav,"本当に怒るよ?
",1.6045833333333333,0.054524828,0.03605197123344371,2019.5895378607731,final_project_data\audio\voice_0000.wav
1,voice_0001.wav,"花から漂ってくる甘い匂いで…んっ、身体が敏感になってきちゃって…
",8.178854166666667,0.045706306,0.13833574397001303,5679.414303645256,final_project_data\audio\voice_0001.wav
2,voice_0002.wav,"ん…そうだな。剣に隠し事はできんか
",5.908458333333333,0.034689832,0.13222814897337545,6184.719856244332,final_project_data\audio\voice_0002.wav
3,voice_0003.wav,"ちょ、ちょっとおじいちゃん!急に激しく手を動かさないで!髪、引っ張られて…痛いから!
",8.751451247165534,0.04497188,0.1386900074602122,4908.221919301042,final_project_data\audio\voice_0003.wav
4,voice_0004.wav,"たった一回やらせてあげただけで、獲物を手放すとはな。用心棒失格じゃないのか?
",7.819166666666667,0.040236793,0.10587454231948229,5878.826373281095,final_project_data\audio\voice_0004.wav
5,voice_0005.wav,"か、返してってば…華琳のパンツ…
",3.3601814058956916,0.038110785,0.13466796875,5003.014391564097,final_project_data\audio\voice_0005.wav
6,voice_0006.wav,"あんっ、んっ、んんっ…はぁっ、ふぅっ…あぁっ、すごいっ…腰、浮いちゃうっ…
",10.844897959183674,0.04378485,0.12315132018716578,4754.357237563582,final_project_data\audio\voice_0006.wav
7,voice_0007.wav,"…あれ?
",2.5261875,0.02506222,0.16256263185654007,7079.307442141037,final_project_data\audio\voice_0007.wav
8,voice_0008.wav,"ふあぁっ、あっ…の、もうっ…い、イッちゃうっ…イクッ…ああぁぁっ…!
",10.917854166666666,0.036125347,0.1312856674194336,5410.747122909807,final_project_data\audio\voice_0008.wav
9,voice_0009.wav,"はぁんっ、んんっ…あっ、あっ、あふぅぅんっ
",5.047324263038549,0.054086886,0.10661817528735633,4983.039477798027,final_project_data\audio\voice_0009.wav
10,voice_0010.wav,"イくううぅぅーっっ!
",4.206083333333333,0.04783498,0.10957896558544304,5074.440926072531,final_project_data\audio\voice_0010.wav
11,voice_0011.wav,"ああぁぁっ、イくっ、んっ、ひゃああぁぁっ!
",7.416,0.058365963,0.07735399268139367,3743.4387403572664,final_project_data\audio\voice_0011.wav
12,voice_0012.wav,"シャーベも魔法得意だよ?
",2.1139375,0.051536407,0.11267028501884423,4423.72589814329,final_project_data\audio\voice_0012.wav
13,voice_0013.wav,"そうだよ。記憶を引き継げるのは、お兄ちゃんの能力
",4.89025,0.04775831,0.11208022705610021,4920.796027544213,final_project_data\audio\voice_0013.wav
14,voice_0014.wav,"ふふふっ、一秒たりとも無駄にしたくないよ
",3.606875,0.05156681,0.06973491657448377,3085.5726422912653,final_project_data\audio\voice_0014.wav
15,voice_0015.wav,"リーズ…あなた、その格好…。まさか、衛兵に…?
",5.619354166666667,0.03503716,0.11519731380455409,5347.808333071172,final_project_data\audio\voice_0015.wav
16,voice_0016.wav,"次の作戦は6時間後じゃ。せいぜい休んで、わしを楽しませるよう努力することじゃな
",10.289977324263038,0.045546323,0.14036847343573844,4199.927975228649,final_project_data\audio\voice_0016.wav
17,voice_0017.wav,"クッソ邪魔ですー。通り道を塞ぐとか、人の迷惑、考えられないんですか?
",7.5206575963718825,0.038109377,0.11291956018518519,4637.076645462653,final_project_data\audio\voice_0017.wav
18,voice_0018.wav,"んっ、んっ、はぁ…水着でセックスなんて…んふふ、いつかしてみたいと思ってました…
",9.843479166666667,0.045306146,0.10179579580850487,4226.451702677867,final_project_data\audio\voice_0018.wav
19,voice_0019.wav,"んんーっ!
",4.236354166666667,0.049743038,0.12371304766017588,4379.065598820735,final_project_data\audio\voice_0019.wav
20,voice_0020.wav,"はい。子供の頃はよく、夏休みに遊びに行っていました
",4.988548752834467,0.047518287,0.10601380813953488,4144.336459456332,final_project_data\audio\voice_0020.wav
21,voice_0021.wav,"やっ、あっ…いぃぃ…いやぁ…聞かないで、ください…
",8.13358276643991,0.024243442,0.15028335636590584,5589.626221596554,final_project_data\audio\voice_0021.wav
22,voice_0022.wav,"ひゃううっ!?
",1.4,0.0399873,0.1114206025094697,6305.843601943982,final_project_data\audio\voice_0022.wav
23,voice_0023.wav,"これ以上、おしっこ我慢するなんて…限界なのぉ…
",7.349115646258503,0.041925624,0.0926340385942429,4187.289744092463,final_project_data\audio\voice_0023.wav
24,voice_0024.wav,"はぁぁっ、あっ、はぁっ、んぁっ、あぁぁっ…!
",6.584,0.044641647,0.06889312373481782,6669.575420321384,final_project_data\audio\voice_0024.wav
25,voice_0025.wav,"んっ、はぁっ、んっ…気持ちいい、のか?ふふっ、ならば、もっとしてやるぞ?
",10.300453514739228,0.04453502,0.08776250615850226,3522.66032958598,final_project_data\audio\voice_0025.wav
26,voice_0026.wav,"はぁ、はぁっ…誇り、んぢゅっ、ぢゅるるっ…マスター…あふぁっ、んっ、んぐっ、んぅぅっ!
",11.735895691609977,0.035804313,0.08044566410113749,3172.5234402092806,final_project_data\audio\voice_0026.wav
27,voice_0027.wav,"はぁっ…はぁっ…あぁっ…いやぁっ…
",5.320952380952381,0.02537357,0.2809074584694989,6377.2996249631415,final_project_data\audio\voice_0027.wav
28,voice_0028.wav,"はぁっ、あっ、好きっ、大好きですわっ!もっとっ、はぁっ、んんっ、はぁぁっ、もっとぉっ!
",9.027868480725624,0.050202202,0.10401583085636247,4214.580912093941,final_project_data\audio\voice_0028.wav
29,voice_0029.wav,"ひぐっ…ひぐっ、ひぐっ…ぐすっ…ううぅぅ…ンッ、ンンッ!んくぅ…ンンッ!
",18.211020833333333,0.02732514,0.14578997502561475,6913.796619054275,final_project_data\audio\voice_0029.wav
30,voice_0030.wav,"はぁっ、はぁっ…とても、気持ちよさそうですね…
",7.9517687074829935,0.04066331,0.14949247262773724,5056.62486927949,final_project_data\audio\voice_0030.wav
31,voice_0031.wav,"私に何か用件を伝えに来たんですよね?それなら早く言ってください!
",5.3730625,0.037898313,0.13196285187251985,4790.522135045542,final_project_data\audio\voice_0031.wav
32,voice_0032.wav,"ほーれほれー、どうじゃ?爆発してしまいそうか?
",7.6512244897959185,0.048776604,0.1205129912405303,5020.827569090716,final_project_data\audio\voice_0032.wav
33,voice_0033.wav,"これは、ちょっと想定外ね…うう、どうしよう…
",8.461791666666667,0.026808575,0.11382795281013854,4261.977328864943,final_project_data\audio\voice_0033.wav
34,voice_0034.wav,"もちろん嫌なんかじゃない。でも私はもう一度、自分の目で君を見つめて、自分の体で君を感じたいんだ
",8.599333333333334,0.038019054,0.0445135108299752,5731.087271520473,final_project_data\audio\voice_0034.wav
35,voice_0035.wav,"発掘したら大金持ちになれるです!
",3.2047083333333335,0.04998038,0.12380768531976744,5839.549717171005,final_project_data\audio\voice_0035.wav
36,voice_0036.wav,"はぁ、はぁ…教祖様を見ていたら、切なくなってきました…
",8.204895833333333,0.047968224,0.10599761566558441,4569.845292326331,final_project_data\audio\voice_0036.wav
37,voice_0037.wav,"依頼主不明で報酬がでたらめに破格な暗殺仕事ね…
",5.540333333333334,0.051307112,0.10650822566105769,5683.725002924068,final_project_data\audio\voice_0037.wav
38,voice_0038.wav,"ち、違うって…その…お、おじさんが気持ちよさそうに感じてるとこ、見て…その…
",11.306462585034014,0.030460956,0.29774578493968173,7655.972526906164,final_project_data\audio\voice_0038.wav
39,voice_0039.wav,"別にー。知らねー
",3.696,0.044441685,0.0919826188760807,4956.525537707389,final_project_data\audio\voice_0039.wav
40,voice_0040.wav,"愛人中にマジパコ、やっば…ううぅぅ…
",7.90546485260771,0.042487707,0.09434583218612334,4063.467318596029,final_project_data\audio\voice_0040.wav
41,voice_0041.wav,"愛情のスキルメダリオン、マスターを対象に発動!
",4.2255416666666665,0.051728737,0.09636113625629723,4825.835240586625,final_project_data\audio\voice_0041.wav
42,voice_0042.wav,"人間どもから、ごっそりと集めてきてあげる!
",3.8434583333333334,0.045246452,0.1185157332063712,5090.804474544374,final_project_data\audio\voice_0042.wav
43,voice_0043.wav,"お兄ちゃんは、座って、リラックス。エミィにお任せ
",7.632,0.02945389,0.05746340618453212,8219.847862718423,final_project_data\audio\voice_0043.wav
44,voice_0044.wav,"手ぬるいですよ!どうせ行くなら、もっと激しくするですよ!
",4.990291666666667,0.047465898,0.14220356737446582,5988.996459923621,final_project_data\audio\voice_0044.wav
45,voice_0045.wav,"泡には男性機能を高め、さらには性的な感度を高める成分を混ぜておるぞ
",8.321979166666667,0.05571662,0.08403001460467349,3729.4558965158035,final_project_data\audio\voice_0045.wav
46,voice_0046.wav,"当然だ。こちらは数百年を生き、神秘に触れた存在。そもそも同列でないのは自明だろう
",9.256961451247166,0.052096903,0.10196695351660401,4233.717885416342,final_project_data\audio\voice_0046.wav
47,voice_0047.wav,"ああっ、んんっ!今日は、中に出していいから、中出しオッケーだよっ!
",6.753106575963719,0.038602546,0.08842756658075601,3667.8908262140735,final_project_data\audio\voice_0047.wav
48,voice_0048.wav,"こんな美人、あんたなんか普段相手にされないでしょ。よかったわねぇ
",6.4976643990929706,0.055680867,0.09188581194196428,3749.858921365349,final_project_data\audio\voice_0048.wav
49,voice_0049.wav,"本気で言ってるなら…はぁはぁ…おめでたいことだな…へへ
",11.768375,0.050459076,0.07283042133718297,3720.5164987136213,final_project_data\audio\voice_0049.wav
50,voice_0050.wav,"スケープゴート
",1.4456666666666667,0.031664167,0.17734662224264705,8155.009964801618,final_project_data\audio\voice_0050.wav
51,voice_0051.wav,"あ、んぅ…も、もう、がっつきすぎだよぉ…ふふ、可愛いねぇ、店長ちゃんは
",11.71525,0.04330411,0.12126302675727935,6027.821681771519,final_project_data\audio\voice_0051.wav
52,voice_0052.wav,"あんたに投資したのはアタシだし、その責任はしっかり取らなきゃいけないもの
",5.37578231292517,0.040662974,0.10197080414870689,3835.817671222563,final_project_data\audio\voice_0052.wav
53,voice_0053.wav,"いくぅぅっ!いくにゃああっ!
",3.672,0.040335994,0.06434060801630435,4755.864775557059,final_project_data\audio\voice_0053.wav
54,voice_0054.wav,"あたしは、何度も口酸っぱく教えたんだけどな…二党を追う者は、一党も得ずってやつをさ…
",11.3391875,0.032522157,0.14877663519149437,7082.872087299631,final_project_data\audio\voice_0054.wav
55,voice_0055.wav,"な、なんでもありません。…こちらに敵が出ましたが、広範囲に花粉を撒きます。近づかないでください
",9.326303854875283,0.035258375,0.1306650342039801,5057.830016179278,final_project_data\audio\voice_0055.wav
56,voice_0056.wav,"んんーっ、あ、あっ…し、舌がおまんこに…んっ、んんーっ!
",9.1006875,0.038037475,0.13197716170228338,4914.562725894798,final_project_data\audio\voice_0056.wav
57,voice_0057.wav,"それは、あなたが断るごとに…その、するから…んくっ、だめ…んぐっ
",10.407709750566893,0.034624815,0.12076768481744704,4146.597157682246,final_project_data\audio\voice_0057.wav
58,voice_0058.wav,"…大丈夫だ。私は何をされても、絶対に屈したりはしない
",7.9222448979591835,0.028250983,0.22092331625183015,6057.713958881956,final_project_data\audio\voice_0058.wav
59,voice_0059.wav,"これからも良質な配信を続けていきますね
",2.8154648526077097,0.057334084,0.11681174447016461,3883.17396094126,final_project_data\audio\voice_0059.wav
60,voice_0060.wav,"あぅぅ…ぁ、はぁ…んくっ、いっ…くぅっ、ぁ…あ、あぁ…っ。んぁ、あぅ…んぅ…はぁ、はぁ、んぅ…ぁ…や、ぁぁ…んくぅ…っ
",21.22732426303855,0.03176232,0.11218989201749589,5131.951812968923,final_project_data\audio\voice_0060.wav
61,voice_0061.wav,"ううっ…お股、裂けちゃうっ…!触手の生殖器が、中にっ…!
",7.955541666666667,0.041660476,0.14147654679121985,5148.764593056134,final_project_data\audio\voice_0061.wav
62,voice_0062.wav,"おかわりー!
",0.9391875,0.041355435,0.1016283356741573,4150.485247026721,final_project_data\audio\voice_0062.wav
63,voice_0063.wav,"はぁ、はぁ…はぁ…
",3.830395833333333,0.032127324,0.196728515625,6887.797750749995,final_project_data\audio\voice_0063.wav
64,voice_0064.wav,"不思議な力…まさか、ブレイブ?
",4.3020625,0.029079003,0.16904200185643564,7280.728684756386,final_project_data\audio\voice_0064.wav
65,voice_0065.wav,"んぐっ、んぐぐっ、んっ、んぐっ…んぐぐぐぐぐっ…んっ、んんっ…んぐぅぅっ…!
",10.144580498866214,0.03960802,0.08652745995423342,4012.212274019954,final_project_data\audio\voice_0065.wav
66,voice_0066.wav,"やぁぁ、もうイくぅぅ…!
",3.820204081632653,0.039204337,0.187548828125,5584.704559179858,final_project_data\audio\voice_0066.wav
67,voice_0067.wav,"イクッ…イクイクイクッイクゥゥーッッ!
",5.3393125,0.047982875,0.09133880676147704,4253.811806057308,final_project_data\audio\voice_0067.wav
68,voice_0068.wav,"…子供じゃ、ないんだぞ
",3.387777777777778,0.045676753,0.1660691352739726,5168.576074035595,final_project_data\audio\voice_0068.wav
69,voice_0069.wav,"…上手く、説明できない
",3.4121315192743764,0.03845402,0.18401227678571427,6774.994032249625,final_project_data\audio\voice_0069.wav
70,voice_0070.wav,"ん、んんっ…くぅ、はぁ、はぁ…
",5.824331065759637,0.037794437,0.13188846177788843,4858.084117036092,final_project_data\audio\voice_0070.wav
71,voice_0071.wav,"料理人さん、料理人さん!
",1.9209583333333333,0.046275508,0.10543368007596685,3655.7505463745256,final_project_data\audio\voice_0071.wav
72,voice_0072.wav,"オルク王よ。貴様の企みはわかっている。さっさと本当の姿を現したらどうだ?
",7.534875283446712,0.040049944,0.07410606971153846,3912.462332914744,final_project_data\audio\voice_0072.wav
73,voice_0073.wav,"まだ内なる自分をさらけ出すのを躊躇っているだけなのです。これまで抑えてきたのですから、それも当然のこと
",10.292244897959185,0.033071022,0.23370120490417137,5264.383326981177,final_project_data\audio\voice_0073.wav
74,voice_0074.wav,"そ、そんなことを…少し…ええ、少しだけ、ですわ
",10.2916875,0.028966594,0.13424091240284974,5190.02945278529,final_project_data\audio\voice_0074.wav
75,voice_0075.wav,"きゃっ、きゃっ、はぁぁ…
",3.1395238095238094,0.03147923,0.14998702721402213,5502.912661734497,final_project_data\audio\voice_0075.wav
76,voice_0076.wav,"も、もうちょっと早くしても…んっ、はぁっ…大丈夫だよ…んんっ…
",7.435895691609978,0.04514666,0.11496243052847113,4719.695210967215,final_project_data\audio\voice_0076.wav
77,voice_0077.wav,"粗相をしたと言ってますが、シトリーが何をしたんです?
",3.9387083333333335,0.043259986,0.15159285261824323,5317.220539289779,final_project_data\audio\voice_0077.wav
78,voice_0078.wav,"あははっ、私みたいな女の子に踏まれて、気持ちよくなっちゃうなんて…調教されてるのはどっちかしら?
",12.320479166666667,0.047976207,0.12292395991025086,5167.009715090883,final_project_data\audio\voice_0078.wav
79,voice_0079.wav,"はい。何なりとお申し付け下さい
",3.6655625,0.035784375,0.13254990688590115,6327.425865562108,final_project_data\audio\voice_0079.wav
80,voice_0080.wav,"もっと丁寧にして…!
",2.6513151927437644,0.029494338,0.15471052811135372,5098.617255720127,final_project_data\audio\voice_0080.wav
81,voice_0081.wav,"んくぅぅっ…ふぁああっ声、もっと抑えないと、電車中に響いちゃうっ…
",8.892063492063492,0.05275198,0.08656920589915143,3644.8037414397386,final_project_data\audio\voice_0081.wav
82,voice_0082.wav,"ぐぬぬぬ…
",4.928,0.047960978,0.11416606202753779,4802.87907887479,final_project_data\audio\voice_0082.wav
83,voice_0083.wav,"だから、今の田舎生活はとっても楽しいのよ
",4.33312925170068,0.040623233,0.06070484834558824,2057.780089106284,final_project_data\audio\voice_0083.wav
84,voice_0084.wav,"はひぃぃ…ひぐっ、んっ、くぅぅ…そんな、バレちゃう…妊婦さんになって、子供たちにバレちゃいまひゅ…おぉ、お、おぉ…
",12.713809523809523,0.05325516,0.0824250826870438,3833.5856250465617,final_project_data\audio\voice_0084.wav
85,voice_0085.wav,"犯されても、いい、かも…
",4.1535416666666665,0.026852373,0.12881986177884616,4751.797099870757,final_project_data\audio\voice_0085.wav
86,voice_0086.wav,"ちがうっ、ちがううっ!ぼくはっ、ぼくは、なにもっ…!
",5.408604166666667,0.043916635,0.14537997508612205,6055.239219424755,final_project_data\audio\voice_0086.wav
87,voice_0087.wav,"ブレスをゴー!宇宙荒らしを吹き飛ばせー!
",5.206770833333334,0.058315814,0.09379393532719836,3993.6285886031847,final_project_data\audio\voice_0087.wav
88,voice_0088.wav,"頼んだわ
",1.0875,0.038916215,0.12824563419117646,6893.591992203405,final_project_data\audio\voice_0088.wav
89,voice_0089.wav,"んっ、く、イク…はぁ、はぁ、あ、ああっ、んく、んんっ、んんーっ!
",9.845260770975056,0.03918877,0.10758981154299176,4421.101380871937,final_project_data\audio\voice_0089.wav
90,voice_0090.wav,"なんでシャービここにいるの?お酒飲まないのにー
",4.320229166666667,0.05398374,0.10645974445812807,5010.202146625177,final_project_data\audio\voice_0090.wav
91,voice_0091.wav,"はっ…それとも、最初から、そのつもり…?
",4.633104166666667,0.045912404,0.1291711566091954,4943.027851452042,final_project_data\audio\voice_0091.wav
92,voice_0092.wav,"そこ、そこ以外ならいいからぁっ!そこは許してぇぇっ!
",6.840645833333333,0.042280372,0.18605112806658877,6176.5685580509025,final_project_data\audio\voice_0092.wav
93,voice_0093.wav,"ひゃんっ
",1.4113378684807256,0.03305698,0.13622646644467212,5037.0851293112855,final_project_data\audio\voice_0093.wav
94,voice_0094.wav,"はあ…そこそこ満足させてもらったけど、これでおしまいね。二度目はないわ
",8.820416666666667,0.02866279,0.14501126530380895,7389.913788498182,final_project_data\audio\voice_0094.wav
95,voice_0095.wav,"んんっ…!
",1.764,0.028950274,0.08516683923192771,4922.437880231385,final_project_data\audio\voice_0095.wav
96,voice_0096.wav,"落ち着いて
",0.973875,0.03226571,0.16631283967391305,7272.088392436689,final_project_data\audio\voice_0096.wav
97,voice_0097.wav,"お腹に、熱い、塊が溜まって…彼の精液の重みが…あぁ、イク、イク…っ!
",11.648140589569161,0.03435936,0.12202800127614542,4483.849646638754,final_project_data\audio\voice_0097.wav
98,voice_0098.wav,"んああっ!
",5.038395833333333,0.05348286,0.1140885141384778,4218.588109417889,final_project_data\audio\voice_0098.wav
99,voice_0099.wav,"ああ…お尻に、びくびくって…すごい…
",7.366054421768707,0.03692082,0.2571166031003937,6884.485868648459,final_project_data\audio\voice_0099.wav
100,voice_0100.wav,"んぅ…はぁっ、はぁっ、んんぅっ、これだけじゃ、もう…
",7.239916666666667,0.044757448,0.12697829413659795,5482.272912646914,final_project_data\audio\voice_0100.wav
101,voice_0101.wav,"うー…それにしても汗びっしょりね。帰る前に水浴びでもして、すっきりするか
",10.828458333333334,0.04174877,0.09729917030634842,4322.705581554047,final_project_data\audio\voice_0101.wav
102,voice_0102.wav,"はぁっ…んっ…ちゅるるっ…だ、出していいよ…んっ…ぢゅるっ…
",9.603560090702947,0.04706984,0.12017379981884058,3984.003198657555,final_project_data\audio\voice_0102.wav
103,voice_0103.wav,"はぁっ、はぁっ、いいわっ、そのっ、顔っ、好きぃっ、んんっ!
",6.691208333333333,0.044241983,0.13675607085987262,5335.239294681415,final_project_data\audio\voice_0103.wav
104,voice_0104.wav,"ふああぁぁーっ!
",3.83675,0.05251674,0.10178493923611111,5163.193206653002,final_project_data\audio\voice_0104.wav
105,voice_0105.wav,"はぁ、はぁ…も、もう我慢がぁ…ご主人様、お情けをぉ…
",7.690839002267574,0.048047915,0.11474609375,3991.5741844206955,final_project_data\audio\voice_0105.wav
106,voice_0106.wav,"んふふっ。約束、だよ。愛してるよ、お兄ちゃん
",7.320416666666667,0.037996847,0.12022806359170306,5768.5957157860075,final_project_data\audio\voice_0106.wav
107,voice_0107.wav,"ぐぅ…ぐぅ…ぬ、抜いて…っ!
",5.60975,0.022835404,0.16146792567728138,6729.066031413167,final_project_data\audio\voice_0107.wav
108,voice_0108.wav,"はぁぁ…はぁ、はぁ…イってるおまんこに、せーえき…自分のこのせーえき、いっぱいぃ…
",13.553979166666666,0.03782585,0.11714485702694728,4765.8876951260345,final_project_data\audio\voice_0108.wav
109,voice_0109.wav,"…また来たのか
",1.5780498866213153,0.03623472,0.17634492761948528,5070.426824043359,final_project_data\audio\voice_0109.wav
110,voice_0110.wav,"は、はい…
",2.7939791666666665,0.02983881,0.09280325620229007,4456.227533166901,final_project_data\audio\voice_0110.wav
111,voice_0111.wav,"ひゃうっ!?や、やめてくださいっ!やめてええっ!
",4.074145833333334,0.049068466,0.10298644060863875,4417.715689868551,final_project_data\audio\voice_0111.wav
112,voice_0112.wav,"あっあっあっあっあっ、あんっ!あんっ、あんっ、ああっ…んっ、んふっ、あっ、ひうっ、あっ、やんっ!
",9.455419501133786,0.0433372,0.07033646472392638,3313.754840330567,final_project_data\audio\voice_0112.wav
113,voice_0113.wav,"んっ…う、うぅぅ…っ!
",3.46,0.027174609,0.1515174278846154,8252.825155819986,final_project_data\audio\voice_0113.wav
114,voice_0114.wav,"そ、そこだけは…許さな…んんっ!
",3.515215419501134,0.04491347,0.10378313221947194,4554.594153348418,final_project_data\audio\voice_0114.wav
115,voice_0115.wav,"よ、よくわかんないけど、すっごく熱くてとろとろで、気持ちいいところに、あの白いのいっぱい出しちゃった…
",10.644807256235827,0.042966638,0.10366897832606325,3822.4536616536816,final_project_data\audio\voice_0115.wav
116,voice_0116.wav,"もちろんです。みんなでここに戻ってきましょう
",4.559333333333333,0.03334529,0.16552392121787382,7460.539548608662,final_project_data\audio\voice_0116.wav
117,voice_0117.wav,"はぁ、あんっ、大丈夫だよぉ…お兄ちゃんを吸い尽くしちゃったりしたらぁ、あの死神から狙われちゃうもん…
",11.929645833333334,0.050383635,0.09482125153596961,3794.625519023396,final_project_data\audio\voice_0117.wav
118,voice_0118.wav,"…うぅ、こんな…大量の精子…神殿に持ち帰れない…
",7.801882086167801,0.038313407,0.06739298502604167,3560.1703523504957,final_project_data\audio\voice_0118.wav
119,voice_0119.wav,"無礼者!
",0.8944583333333334,0.046068642,0.09012276785714286,4260.870086499791,final_project_data\audio\voice_0119.wav
120,voice_0120.wav,"私…おぞましいモンスターの子を、このまま…あ、あ、産んじゃう…
",7.918004535147392,0.050012495,0.08763325860175696,4047.1893820357423,final_project_data\audio\voice_0120.wav
121,voice_0121.wav,"ふぁぁ…あつい…せーえき、いっぱい…おふ…おふ…
",7.757845804988662,0.055182636,0.09039261023916292,4321.411457339885,final_project_data\audio\voice_0121.wav
122,voice_0122.wav,"ううぅぅーっ!
",2.11075,0.03577934,0.20349984217171718,6850.603997733297,final_project_data\audio\voice_0122.wav
123,voice_0123.wav,"でも、おじさんが最低のクズだってことに変わりはないから…あはははっ!
",7.4577324263038545,0.043797858,0.10789572803265941,4216.876616738113,final_project_data\audio\voice_0123.wav
124,voice_0124.wav,"ふあぁぁ…っ!やっ、ミルク、出ないっ、出ないからぁ…っ!
",7.091224489795918,0.0451352,0.1415536134410802,4972.3870449034275,final_project_data\audio\voice_0124.wav
125,voice_0125.wav,"…顔に何かついてるです?
",3.0784126984126985,0.04751781,0.08240388569078948,4171.430383637868,final_project_data\audio\voice_0125.wav
126,voice_0126.wav,"ーっ!そんなわけ、ありませ…ふぁっ、んっ!
",6.1729478458049885,0.031063488,0.07117800605028196,3627.0086336633203,final_project_data\audio\voice_0126.wav
127,voice_0127.wav,"ん?ふふ、意外とウブなのだな
",4.591678004535147,0.04262372,0.061248471038510104,3309.9384968075256,final_project_data\audio\voice_0127.wav
128,voice_0128.wav,"ほら、ここで元気よく言おうよ。カタリナちゃん、立派なブレだよ。もうこれ以上ないってぐらいブレだよ
",10.045,0.047210865,0.08474219579352442,4399.748611798271,final_project_data\audio\voice_0128.wav
129,voice_0129.wav,"わらわに射精しすぎじゃ…次も期待しておるぞ
",6.344331065759637,0.043825224,0.17669532678244973,5726.200523512372,final_project_data\audio\voice_0129.wav
130,voice_0130.wav,"まあ、資金の全額を渡してしまうと、明日からの商売に差し支えます。とりあえず2億GOLDに値切っておけますね
",12.488166666666666,0.04915715,0.10277924183390265,4811.76429499419,final_project_data\audio\voice_0130.wav
131,voice_0131.wav,"くそー!負けたー!
",2.6428541666666665,0.037930496,0.15901233303931453,6460.115355098928,final_project_data\audio\voice_0131.wav
132,voice_0132.wav,"ふふん、逃がしませんわ
",3.8603125,0.044526346,0.13264659228245856,5036.515545801924,final_project_data\audio\voice_0132.wav
133,voice_0133.wav,"ばか、お姉ちゃんをいじめるなんて…
",3.7441496598639454,0.04225326,0.1164467637383901,4605.968354950496,final_project_data\audio\voice_0133.wav
134,voice_0134.wav,"はぁ、はぁ…あんっ
",2.9565,0.04092961,0.07250449640287769,4353.574215243122,final_project_data\audio\voice_0134.wav
135,voice_0135.wav,"ふぅ…やっと落ち着いたみたいね
",3.4114739229024944,0.03585051,0.10635230654761904,4021.7520054890933,final_project_data\audio\voice_0135.wav
136,voice_0136.wav,"そういえば、今まで先輩の家に入ったことないな。中はどんな様子なのかな…
",7.9708125,0.043938488,0.037056499623997326,2614.0137089699815,final_project_data\audio\voice_0136.wav
137,voice_0137.wav,"んんっ…んんっ…はっ…
",3.487392290249433,0.031691592,0.12430083316029901,4961.613264676676,final_project_data\audio\voice_0137.wav
138,voice_0138.wav,"あ、えっと…そうね、ちょっと落ち着くね
",5.293469387755102,0.039417133,0.13495943839089913,5680.38408354027,final_project_data\audio\voice_0138.wav
139,voice_0139.wav,"感動の再会は後よ。あんたたち魔女は急いで、パトリオールトから逃げなさい
",5.693104166666667,0.04686534,0.09017384275514981,4107.595977039648,final_project_data\audio\voice_0139.wav
140,voice_0140.wav,"もっと、もっといっぱいイくのっ!おまんこ、おまんこイかせまくって…っ!バカになりゅ…おまんこ…はぁぁんっ!
",11.172244897959184,0.054679118,0.11059139326973001,4691.411511143445,final_project_data\audio\voice_0140.wav
141,voice_0141.wav,"ほらほら、わかるかな?ちょっと乳首つねっただけで、こんなにおまんこトロトロー。クールに見えるけど、エッチなこと大好きなヘンタイさんなの
",13.15437641723356,0.04874836,0.11569122368276014,4659.004992130133,final_project_data\audio\voice_0141.wav
142,voice_0142.wav,"おまえ、なかなか美味しそうです
",3.7870068027210886,0.05019331,0.10653789181957186,4524.0809694984955,final_project_data\audio\voice_0142.wav
143,voice_0143.wav,"うーん、可愛い坊やの疑問には答えてあげようかしら。ではここで問題
",7.301270833333334,0.057635993,0.05633268704379562,3062.0727993920964,final_project_data\audio\voice_0143.wav
144,voice_0144.wav,"あんっ…!
",1.1995691609977324,0.032145325,0.09523831881009616,4459.540668916536,final_project_data\audio\voice_0144.wav
145,voice_0145.wav,"あっ、んんっ…やだ、どうしたの急に…んんっ、喉が渇いたのかしら?でも、わたしから補給するのは間違ってるわ…んぁっ
",16.64,0.05087838,0.13331712539225943,5191.257792404054,final_project_data\audio\voice_0145.wav
146,voice_0146.wav,"これっ、あぁっ、好きぃっ、愛してっ、ますわっ、教祖様ぁっ、はぁぁっ、くひぃっ、きょうそ様ぁっ…!
",8.0991875,0.041010637,0.12360390111019737,5096.700849873497,final_project_data\audio\voice_0146.wav
147,voice_0147.wav,"だからわらわは憎しみの真流レヴィアタンは、お主らの見るうなずらより上に現れた。それだけのことよ
",12.36625850340136,0.034376033,0.09332859404315197,5057.258865516343,final_project_data\audio\voice_0147.wav
148,voice_0148.wav,"あ、あぐっ…はぁ、はぁ…うぅ…
",6.293708333333333,0.025270246,0.15736701565143824,5720.835870779108,final_project_data\audio\voice_0148.wav
149,voice_0149.wav,"くううぅぅっ、んぐぐっ、あ、あ、あ…鬼畜…き、ち、ぐぅぅ…!
",8.822721088435374,0.055558104,0.10323229337993421,4524.4104054784575,final_project_data\audio\voice_0149.wav
150,voice_0150.wav,"じゅるるっ…あの時は、まだわかってなくて…じゅるっ、じゅぷっ…こんなに、きもひいいんだって、かった…
",18.030702947845803,0.036934294,0.13360116533944658,4238.497491893299,final_project_data\audio\voice_0150.wav
151,voice_0151.wav,"むふぅぅん!銃声、しゅよぉ!イクイクぅ!元気な精子、びゅーびゅー泳いでぇ、銃声エッチしちゃうのぉ!
",14.863673469387756,0.06200144,0.08306193891491023,3365.128633224444,final_project_data\audio\voice_0151.wav
152,voice_0152.wav,"努力がようやく実ったからでしょうか、単純に愛し合うことが実感できたからでしょうか
",7.863083900226758,0.048818734,0.10224090846238938,4744.256224034306,final_project_data\audio\voice_0152.wav
153,voice_0153.wav,"ちゃんと勉強してきましたから。地球人の生態についても、ちょっとは理解してるんですよー
",6.239375,0.05535404,0.09597940037393163,4309.733525216641,final_project_data\audio\voice_0153.wav
154,voice_0154.wav,"ふーん。けど、それだったら紫苑さんがオイランとして復帰するなんて、無理だったんじゃないのかい?
",8.262291666666666,0.038814913,0.10837512600806451,5536.887016827002,final_project_data\audio\voice_0154.wav
155,voice_0155.wav,"んふっ、ちゅっ、れろれろっ…ちゅうっ、んくっ…んっ、んっ、じゅるるるっ…
",10.996104166666667,0.039130043,0.2282044700230359,6876.224449690729,final_project_data\audio\voice_0155.wav
156,voice_0156.wav,"おおっ…イクッ、また、イクッ…イッてるのに、イク、イクッ、イッ…く、ぅああっ!
",10.964,0.036896463,0.12969519470452334,5729.57043249965,final_project_data\audio\voice_0156.wav
157,voice_0157.wav,"ダメダメ、絶対ハメちゃダメ!パコパコしちゃダメ!おちんぽ挿入禁止!挿れても絶対アヘらないんだから!
",10.212471655328798,0.050546348,0.12358897816051137,4650.774577439287,final_project_data\audio\voice_0157.wav
158,voice_0158.wav,"うあぁぁんっ、き、気持ちよすぎるぅ…っ!
",4.002879818594105,0.053668167,0.12075973731884058,4673.23331958157,final_project_data\audio\voice_0158.wav
159,voice_0159.wav,"はひぃぃ…はぁ、はぁ…あ、あぁぁ…
",5.031416666666667,0.03024479,0.10614324020127118,4594.425518330305,final_project_data\audio\voice_0159.wav
160,voice_0160.wav,"また会いましょう
",1.701,0.041747756,0.0933197021484375,5329.441069059476,final_project_data\audio\voice_0160.wav
161,voice_0161.wav,"ごめんね。今日だけだから…お姉ちゃんのわがまま、聞いてくれる?
",8.2196875,0.036289703,0.12856742967736706,6367.771350735522,final_project_data\audio\voice_0161.wav
162,voice_0162.wav,"そういえば、今日って危険日だったっけ?
",3.5615,0.047502458,0.08978381128368264,3999.896075344384,final_project_data\audio\voice_0162.wav
163,voice_0163.wav,"ほらほら、しっかり謝らないと踏み潰しちゃうわよー?お姉さんのお尻に欲情して、無防備なのをいいことに襲ってしまいごめんなさいって
",13.65936507936508,0.04868687,0.10138909170560748,4800.07782952847,final_project_data\audio\voice_0163.wav
164,voice_0164.wav,"白ご飯みたいな生活…少しスパイスでも入れた方がいいよ
",6.366054421768707,0.04379551,0.1215731372381603,5008.809414007442,final_project_data\audio\voice_0164.wav
165,voice_0165.wav,"くぅん…
",1.4959637188208617,0.050441306,0.11102910004844961,3729.4882691163607,final_project_data\audio\voice_0165.wav
166,voice_0166.wav,"んぁんっ…
",1.2725850340136053,0.03264069,0.09879261363636363,4262.65894328545,final_project_data\audio\voice_0166.wav
167,voice_0167.wav,"らめっ、らめっ、やよぉ…おぉ…んんっ…年下、男の子にぃ…おまんこ、いいように扱われてぇ…恥ずかしげもなく、アクメ、焦らしちゃうぅ…っ
",16.335238095238097,0.041426573,0.08263709328391335,3394.0922415019463,final_project_data\audio\voice_0167.wav
168,voice_0168.wav,"うーん、生でしてるし…赤ちゃんできちゃうかもよ?
",6.2713125,0.032190368,0.10334539089073129,4528.03726373828,final_project_data\audio\voice_0168.wav
169,voice_0169.wav,"…お兄ちゃんは、どう?
",2.0215419501133787,0.03770615,0.09137834821428571,3901.61814527111,final_project_data\audio\voice_0169.wav
170,voice_0170.wav,"私、あなたのこと嫌いではありませんので…
",3.990453514739229,0.047287498,0.13870310228924418,5319.271773686547,final_project_data\audio\voice_0170.wav
171,voice_0171.wav,"んっ、んっ…優しくて…こんなの、感じちゃう…
",5.828662131519274,0.042456087,0.15060321663767395,5522.536170154624,final_project_data\audio\voice_0171.wav
172,voice_0172.wav,"あ、う…うぁ…はぁ、はぁ…はぁ…
",6.112879818594104,0.023796994,0.06593094016840607,3655.102713219937,final_project_data\audio\voice_0172.wav
173,voice_0173.wav,"優灯がそう言うなら、私も遠慮しないよ?
",3.5134791666666665,0.058205765,0.06881954308712121,2876.3084070878976,final_project_data\audio\voice_0173.wav
174,voice_0174.wav,"さっきからぼーっとして、どうしたんですか?
",3.9490702947845806,0.04874457,0.12159778225806452,4830.69515679524,final_project_data\audio\voice_0174.wav
175,voice_0175.wav,"少しだけ…でも、思ったより全然です
",6.261333333333333,0.03644624,0.16114775988520408,5652.216069040548,final_project_data\audio\voice_0175.wav
176,voice_0176.wav,"しかし私も、もう少しそのまま続けてくれたら…
",6.123354166666667,0.039292272,0.17012992527173912,6077.826797933089,final_project_data\audio\voice_0176.wav
177,voice_0177.wav,"や、やめ…んんっ、んむっ、んっ、んんっ!
",5.739833333333333,0.031649176,0.10119560963589981,4783.51670607551,final_project_data\audio\voice_0177.wav
178,voice_0178.wav,"ひとつ、ふたつ、みっつ
",3.3365416666666667,0.022889022,0.1994153105031949,8179.593287775644,final_project_data\audio\voice_0178.wav
179,voice_0179.wav,"んああっ!あううぅぅーっ!
",4.243895833333333,0.053559817,0.09849663355841709,4194.116132166426,final_project_data\audio\voice_0179.wav
180,voice_0180.wav,"下着が、直さないと…
",2.5331519274376415,0.03792847,0.1574562107591324,4769.664141139695,final_project_data\audio\voice_0180.wav
181,voice_0181.wav,"触れられてる…?お尻…
",3.525986394557823,0.03674693,0.13373605828536184,4855.002370596669,final_project_data\audio\voice_0181.wav
182,voice_0182.wav,"馬鹿馬鹿しいと言ったんだ。大和が滅亡するかどうかとか言っている時に、下らないことにこだわっていても意味がない
",8.141979166666667,0.04472906,0.12254645062990838,5257.071486622796,final_project_data\audio\voice_0182.wav
183,voice_0183.wav,"んっ、んんっ…こんなの、変になりそうだ…
",8.734833333333333,0.025519263,0.11987811450702075,4396.715092734787,final_project_data\audio\voice_0183.wav
184,voice_0184.wav,"なっ…お、おまえはこんな時にまで何を馬鹿な…
",5.085208333333333,0.029412687,0.14163124836215932,6360.957693771009,final_project_data\audio\voice_0184.wav
185,voice_0185.wav,"ふふふ、楽しみですね。それでは改めて…私の性器をぺろぺろして、気持ちよくさせていただきましょう?
",14.3136875,0.043366075,0.09852620563990314,4819.399099411607,final_project_data\audio\voice_0185.wav
186,voice_0186.wav,"身体、が…熱くなって…んっ、んんっ…ぽかぽかと、違う、めぐって…
",9.606984126984127,0.044044275,0.11993673573369565,4351.730943053664,final_project_data\audio\voice_0186.wav
187,voice_0187.wav,"うん…お姉ちゃんも大好きよ。だから、好きなように動いて
",7.361678004535148,0.03588083,0.13271023006889765,5546.302687595899,final_project_data\audio\voice_0187.wav
188,voice_0188.wav,"もうお顔がとろとろ。サキュバスおまんこ気持ちいい?ふふっ、なかなか可愛い声で鳴くじゃない。じゃあこっちも気持ちよくしてあげる
",14.114104308390022,0.04194763,0.2766868189761513,6857.289099928434,final_project_data\audio\voice_0188.wav
189,voice_0189.wav,"それでも今みたいに、上やクライアントとの兼ね合いでやらざるを得ないときはあってさ
",6.384671201814059,0.043853503,0.0813077059659091,3623.596824496564,final_project_data\audio\voice_0189.wav
190,voice_0190.wav,"やっほー、骸。どうやらここが合流地点のようね
",5.032708333333333,0.05136553,0.11626059322033898,5065.362184146935,final_project_data\audio\voice_0190.wav
191,voice_0191.wav,"ふくぅぅっ、んっ、あぁぁ…こんな、初めて、なのにぃ…はぁ、あぁぁ…
",12.2790625,0.045893624,0.12370851304796007,4906.001338940099,final_project_data\audio\voice_0191.wav
192,voice_0192.wav,"傍聴人に従いなさい
",1.9371770833333333,0.05171981,0.04738071986607143,3984.3992772550237,final_project_data\audio\voice_0192.wav
193,voice_0193.wav,"どっちの頭が!?
",1.7466666666666666,0.038971826,0.1154249237804878,5440.278608209755,final_project_data\audio\voice_0193.wav
194,voice_0194.wav,"どうして手を抜いた?
",1.3612083333333334,0.050070092,0.16865921020507812,6131.409908809921,final_project_data\audio\voice_0194.wav
195,voice_0195.wav,"疲れたから私はここで寝そべってるわね。後は好きにするがいいわ
",6.349501133786848,0.031353652,0.12373600319926874,4089.6871828047756,final_project_data\audio\voice_0195.wav
196,voice_0196.wav,"うっ…ぐすっ…
",2.9257142857142857,0.022507586,0.14089133522727273,6688.015687970959,final_project_data\audio\voice_0196.wav
197,voice_0197.wav,"船のコンピューターの、学習データフォルダに入ってた動画で勉強したんです
",5.367,0.05417408,0.08130464099702381,3594.1441419546823,final_project_data\audio\voice_0197.wav
198,voice_0198.wav,"そうね。えーっと…これぐらいで、どう?
",7.7806041666666665,0.021713618,0.09146511130136986,4846.5220516373865,final_project_data\audio\voice_0198.wav
199,voice_0199.wav,"あなたが思っているほど、よいものではありませんよ
",4.454604166666667,0.04008786,0.10209166604366028,5392.48802853786,final_project_data\audio\voice_0199.wav
200,voice_0200.wav,"ゼカリウスで一番の宿で、従業員や地域一帯の人望もあるみたいやしな
",7.596333333333333,0.058178145,0.06661923102208976,3302.4755916062018,final_project_data\audio\voice_0200.wav
201,voice_0201.wav,"身体が熱い…しぇんちゃんの腰が、ずっとぶつかってくる…
",6.1650340136054425,0.046121035,0.11927095570958647,4121.1628606408085,final_project_data\audio\voice_0201.wav
202,voice_0202.wav,"いきなり襲いかかってくるから…あなた、自殺願望でもあったの?
",6.958375,0.030423613,0.13750014955015313,7004.878038822064,final_project_data\audio\voice_0202.wav
203,voice_0203.wav,"ええっ、それだけですか?料理人さんの感想は、他には何かないんですか?
",5.883916666666667,0.0572613,0.0794677734375,3359.355266996775,final_project_data\audio\voice_0203.wav
204,voice_0204.wav,"そんな顔されたら…あたしがまた興奮しちゃうじゃない
",6.913560090702948,0.02537713,0.15319332660444632,5471.458546906427,final_project_data\audio\voice_0204.wav
205,voice_0205.wav,"ん…ごめんね
",3.4962585034013607,0.02590358,0.1318052178187086,5398.698550670562,final_project_data\audio\voice_0205.wav
206,voice_0206.wav,"エッチのためのアイテムを買いすぎて、肝心な女の子とエッチするためのお金がなーいなんてことになったら、本末転倒だからね
",8.228208333333333,0.060982276,0.07082355084196891,3447.5337860330173,final_project_data\audio\voice_0206.wav
207,voice_0207.wav,"…や、やめろ
",3.076643990929705,0.024634255,0.06836671757518797,4203.05018056586,final_project_data\audio\voice_0207.wav
208,voice_0208.wav,"はぁぁ…ん、んんっ…ん、んっ…はぁ、はぁ…はぁ…
",14.539791666666666,0.03505984,0.1657195776438783,5825.979171584902,final_project_data\audio\voice_0208.wav
209,voice_0209.wav,"ち、違い、ますっ。好きでやって、たんじゃ…む、無理矢理…っ
",8.010884353741497,0.030604934,0.14329464770260492,5666.303136768187,final_project_data\audio\voice_0209.wav
210,voice_0210.wav,"はわわわわっ、おちんぽどくどく、どくどく…おちぽの気持ちよくなってる音、もっとぉ…
",8.51591836734694,0.052319363,0.07746774948910082,3527.448351271155,final_project_data\audio\voice_0210.wav
211,voice_0211.wav,"あははっ
",0.9071655328798186,0.04047927,0.12577259691455697,5203.4252642264555,final_project_data\audio\voice_0211.wav
212,voice_0212.wav,"う、うぅぅ…はぁ、はぁぁ…あ、ああぁぁ…はぁぁ…
",13.002291666666666,0.05590804,0.06554985515791632,3862.972071022168,final_project_data\audio\voice_0212.wav
213,voice_0213.wav,"わらし…まおさまにかわいがっていただいて…しあわせれしゅぅ…
",15.937369614512471,0.04760361,0.115394764543882,4677.694618616247,final_project_data\audio\voice_0213.wav
214,voice_0214.wav,"舐めていい?れろっ、ちゅっ、れろっ…
",6.368367346938776,0.04357543,0.08159277521630237,4016.4595213882712,final_project_data\audio\voice_0214.wav
215,voice_0215.wav,"あっ、んんっ…も、もう、焦らないでくださいません?まずは、ゆっくり…
",11.10325,0.050320804,0.12903430070244956,4751.7041687982555,final_project_data\audio\voice_0215.wav
216,voice_0216.wav,"はひぃぃっ、んんぅぅっ!あっ、あっ、ああっ!
",4.957460317460318,0.03215561,0.15018869560455608,6640.430074239476,final_project_data\audio\voice_0216.wav
217,voice_0217.wav,"うっわ…こんな感じなんだ。もっとナマコみたいだと思ってたけど…熱いし、ぐにぐになのに骨が入ってるみたいに硬い
",14.835011337868481,0.04314793,0.07301180127640845,3728.8547931824983,final_project_data\audio\voice_0217.wav
218,voice_0218.wav,"店長殿!お、落ち着くである!
",3.9720833333333334,0.03769276,0.15753550184316353,6571.306423973273,final_project_data\audio\voice_0218.wav
219,voice_0219.wav,"ああっ!勇者様って、本当に悪いんだから…でも、こういうのも好きよ…っ!
",16.770612244897958,0.03851875,0.156818366133218,5430.691803316959,final_project_data\audio\voice_0219.wav
220,voice_0220.wav,"んっ、はぁ…はぁ…んっ、んんぅっ、はぁ、はぁ、ふぅ…はぁ、あぁ…んっ、ふぁぁ…
",16.788480725623582,0.030709555,0.13538449701969593,4839.512948799348,final_project_data\audio\voice_0220.wav
221,voice_0221.wav,"はぁ、はぁ…だい、じょうぶ…元戦士、だから…はぁ、これくらい、へーき…鍛えてる、から…
",12.764512471655328,0.046345554,0.12155095880681818,4812.084279731262,final_project_data\audio\voice_0221.wav
222,voice_0222.wav,"もう、どうなっても知らねーからな…!
",3.78,0.03880138,0.09796847491197183,4254.718469431282,final_project_data\audio\voice_0222.wav
223,voice_0223.wav,"あっ、んっ…中で、おちんちんが、ビクビクしてますわっ…
",7.060708333333333,0.04459835,0.11518126888217523,4664.249432936143,final_project_data\audio\voice_0223.wav
224,voice_0224.wav,"んっ…はぁ…はぁ…んんっ…
",8.816604166666666,0.021287985,0.21571934987152358,7531.472761339385,final_project_data\audio\voice_0224.wav
225,voice_0225.wav,"だ、だけど…音が、聞こえちゃう…
",3.5757142857142856,0.02786017,0.0983934278612013,5461.088810831865,final_project_data\audio\voice_0225.wav
226,voice_0226.wav,"んくぅっ…はぁっ、んっ、んっ…んっ、んぅぅっ…!
",5.915708333333333,0.044521,0.08468028575450451,4560.150103450085,final_project_data\audio\voice_0226.wav
227,voice_0227.wav,"らめぇ…イったばかりで敏感なのぉ…
",6.391604166666666,0.04620074,0.07691731770833334,3805.9204188124636,final_project_data\audio\voice_0227.wav
228,voice_0228.wav,"はぁっ、んっ、んんっ…あっ、んっ…ぐちゅぐちゅって、音が…んっ、んぅぅっ…
",7.374240362811792,0.04578493,0.1304732028793239,4746.1415341460915,final_project_data\audio\voice_0228.wav
229,voice_0229.wav,"はっ、はぁんっ…これでやめてくれますか…んんっ
",4.519364583333333,0.045283798,0.059880094708136794,5273.415148102478,final_project_data\audio\voice_0229.wav
230,voice_0230.wav,"…危ないですね
",2.1805215419501134,0.045915797,0.0866932970412234,4036.419127182028,final_project_data\audio\voice_0230.wav
231,voice_0231.wav,"な、なあ…これ、いっぱい触ってくれよ…お、お股…
",8.291083333333333,0.038885504,0.1355953265584833,6623.667641415601,final_project_data\audio\voice_0231.wav
232,voice_0232.wav,"ありがとうございます
",1.833,0.05120176,0.12232013081395349,5041.546127563217,final_project_data\audio\voice_0232.wav
233,voice_0233.wav,"こうやっておまんこされて、たくさん喘いじゃって…
",4.441979166666667,0.03805161,0.14960258355815348,6090.652592507044,final_project_data\audio\voice_0233.wav
234,voice_0234.wav,"んんっ、んん、ん、んん、っ…んん、っん、んんっ…んんっ、は、はぁ、はぁ、んんっ、あ、あ、あんっ、あん、あんっ…だめ、激しっ、ふぁ、あっ、あっ、あん、ん、あ、あっ、ああっ、あんっ!
",29.45691609977324,0.04576023,0.10960682778024035,4349.277758704642,final_project_data\audio\voice_0234.wav
235,voice_0235.wav,"んひぃぃっ、やっ、やぁっ、ああっ、あぐっ、んっ、くっ、ふぅっ、ふっ、ううぅぅっ!
",7.994625,0.042032577,0.1523359375,5554.678493591222,final_project_data\audio\voice_0235.wav
236,voice_0236.wav,"う、うん…本当に、本当に内緒だから、ね…
",8.235736961451247,0.02870939,0.11818675726232394,5478.49018642073,final_project_data\audio\voice_0236.wav
237,voice_0237.wav,"ふふ…力、抜いて?
",3.7942403628117916,0.03303077,0.12803122610856268,4750.008795543551,final_project_data\audio\voice_0237.wav
238,voice_0238.wav,"イッちゃううぅぅーッッ!
",6.3638125,0.049484577,0.13829073754187604,4363.143263802266,final_project_data\audio\voice_0238.wav
239,voice_0239.wav,"もちろんです
",0.981655328798186,0.043663263,0.13423713235294119,4826.82535979943,final_project_data\audio\voice_0239.wav
240,voice_0240.wav,"それに、ゼップくんのおちんちんだって、すごく熱い…
",7.1425833333333335,0.032099612,0.16393642140858208,6540.3845894781925,final_project_data\audio\voice_0240.wav
241,voice_0241.wav,"先輩こそ、またうどんですか?
",2.9522916666666665,0.049399097,0.05525334217057762,3105.252385174068,final_project_data\audio\voice_0241.wav
242,voice_0242.wav,"おめでとうございます、ご主人様
",3.245833333333333,0.05478274,0.11215900358606558,5323.379783283189,final_project_data\audio\voice_0242.wav
243,voice_0243.wav,"見たかったら、もっと見てもいいですから。…おっぱいも、お尻も、おまんこも
",7.652770833333333,0.040467314,0.08711195921831476,5760.640181786651,final_project_data\audio\voice_0243.wav
244,voice_0244.wav,"ええ、お願いします
",2.687641723356009,0.03435468,0.15425899110991378,6726.211568515324,final_project_data\audio\voice_0244.wav
245,voice_0245.wav,"キュウリも美味しい
",1.7759375,0.038621824,0.14498736901197604,7668.825765870051,final_project_data\audio\voice_0245.wav
246,voice_0246.wav,"ふぁああっ!は、はいっ!教祖様っ!おねがい、しますっ!
",6.354833333333334,0.0522167,0.10064328596895973,4655.153897248701,final_project_data\audio\voice_0246.wav
247,voice_0247.wav,"んぁっ…あ、あれ…やめ、ちゃうの…?
",5.059750566893424,0.037048623,0.09112268850344037,4435.042292185534,final_project_data\audio\voice_0247.wav
248,voice_0248.wav,"は、激しく動かしすぎよぉっ!ひぐぅぅっ!
",3.632517006802721,0.051864002,0.12324811551517571,4226.640585196921,final_project_data\audio\voice_0248.wav
249,voice_0249.wav,"当たり前でしょ!あんたみたいな絶倫魔王とエッチするだけでも大変なのに、ゴブリンの相手までさせられたら、本当に私の身体がもたなくなるわよ!
",10.407142857142857,0.043898627,0.09393888917920848,3588.6263611285663,final_project_data\audio\voice_0249.wav
250,voice_0250.wav,"ま、兄さんもそうしたいでしょ?だって、その黒くて大きなものを乱暴に私の口に入れることができるんだから…
",10.126583333333333,0.048201565,0.046865234375,2505.5942666825927,final_project_data\audio\voice_0250.wav
251,voice_0251.wav,"んん…どうしよう…なんだか、こっちまで興奮してきちゃうよぉ…
",9.831229166666667,0.027429981,0.09127258168383948,3620.252362142328,final_project_data\audio\voice_0251.wav
252,voice_0252.wav,"3、2、1、これでもくらー!
",2.646625,0.049688943,0.10799447791164658,4953.710929700736,final_project_data\audio\voice_0252.wav
253,voice_0253.wav,"やっ…犬ちんぽではイキたくないですっ…もうやめてぇっ…!
",4.7366979166666665,0.0460404,0.042298118496906636,4084.6554534182724,final_project_data\audio\voice_0253.wav
254,voice_0254.wav,"はー、疲れたですぞ。ちょっと休憩
",4.97775,0.054842886,0.10349366802730192,5294.091954925081,final_project_data\audio\voice_0254.wav
255,voice_0255.wav,"あれが後世に残るとなると…ダメだ。恥ずかしくて街を歩けない
",8.835192743764173,0.033805646,0.088623046875,4042.372926021692,final_project_data\audio\voice_0255.wav
256,voice_0256.wav,"はぁ、はぁ、ああぁぁっ!
",4.654467120181406,0.029531687,0.1072830618765586,3622.211009995748,final_project_data\audio\voice_0256.wav
257,voice_0257.wav,"あとねー、臭くて美味しくないけど、この世で最もえっちぃミルクなんだー
",8.45625850340136,0.0486174,0.09820280349794239,4061.8606665913226,final_project_data\audio\voice_0257.wav
258,voice_0258.wav,"はぁっ、はぁっ…はぁっ…ああっ…も、もう出ないです…母乳…切れちゃいました…
",11.432604166666666,0.04973072,0.10700874897971083,4625.17775223303,final_project_data\audio\voice_0258.wav
259,voice_0259.wav,"皆さんとの対タリスマンの実践は、私個人にとっても有意義なものです。楽しみにしています
",7.021700680272109,0.050123848,0.10741380423553719,4141.5924531865385,final_project_data\audio\voice_0259.wav
260,voice_0260.wav,"な、どうして…
",1.5240816326530613,0.0480814,0.09502988873106061,4168.017458979141,final_project_data\audio\voice_0260.wav
261,voice_0261.wav,"おっひいぃ…あ、熱いのぉ…のぼってくるぅ…気持ちいい…シコシコ、気持ちいいぃ…
",10.032333333333334,0.052707516,0.09242992826780021,4401.508570145457,final_project_data\audio\voice_0261.wav
262,voice_0262.wav,"んぶっ、んんっ、んはぁっ、んぐっ、ごくっ、ごきゅっ、んぐぅぅっ…!
",9.125442176870749,0.03836102,0.07858350043678526,4166.486662963817,final_project_data\audio\voice_0262.wav
263,voice_0263.wav,"それに聖女としての務めも、果たせなくなってしまいましたし…
",5.373145833333333,0.045666832,0.07436164977058532,5460.587469973827,final_project_data\audio\voice_0263.wav
264,voice_0264.wav,"あふっ…ちゅっ、ちゅぷっ…じゅるっ、じゅるるっ…んんっ…
",7.6446938775510205,0.037072107,0.17287304983877086,4933.629334979568,final_project_data\audio\voice_0264.wav
265,voice_0265.wav,"撮れ半斬りじゃ!
",1.4143083900226758,0.043704282,0.1262447169569672,5228.201107610962,final_project_data\audio\voice_0265.wav
266,voice_0266.wav,"おぬしなどに仕事などあるわけなかろむむむっ!?
",3.88575,0.047644995,0.11850786601027398,5544.8103752853385,final_project_data\audio\voice_0266.wav
267,voice_0267.wav,"あはぁぁ…もう、そんなに…んんっ、焦らさないでください…はぁ、早く、早く奥までくださいませ…
",12.1793125,0.05264596,0.10037514708296848,4464.847374989593,final_project_data\audio\voice_0267.wav
268,voice_0268.wav,"んっ…あぁ…もっと、激しくぅ…
",5.97,0.043008953,0.07633492606026786,4451.870016144944,final_project_data\audio\voice_0268.wav
269,voice_0269.wav,"ああぁぁ…熱い…熱いぃぃ…はぁ、はぁ、あぁぁ…熱いのぉぉ…
",16.15,0.05489691,0.08481852213541667,4559.344987144712,final_project_data\audio\voice_0269.wav
270,voice_0270.wav,"あんたは黙ってなさい!
",1.475124716553288,0.03511919,0.1168365478515625,4352.777108276635,final_project_data\audio\voice_0270.wav
271,voice_0271.wav,"ふふ、はい。よろしくお願いしますね
",4.438541666666667,0.031373158,0.1757648568645084,7125.491549266264,final_project_data\audio\voice_0271.wav
272,voice_0272.wav,"ん?ちょっとクズで遊んでただけ。それ、もう使えないから片付けておいて
",7.551458333333334,0.027539393,0.11473988678495763,5084.408205300327,final_project_data\audio\voice_0272.wav
273,voice_0273.wav,"ああっ…あっ、あっ…んんっ…ああっ…
",6.871700680272109,0.046657097,0.07367108319256757,3698.8303673307023,final_project_data\audio\voice_0273.wav
274,voice_0274.wav,"あの勇者に関しては、その辺りの注意力のネジが抜けている気がするです
",6.399041666666666,0.060345974,0.09362874348958333,4271.94175753001,final_project_data\audio\voice_0274.wav
275,voice_0275.wav,"あ、あ…あ…あ…
",7.567145833333333,0.015595154,0.25517509352992956,9561.74088184471,final_project_data\audio\voice_0275.wav
276,voice_0276.wav,"二人が弱らせたはずなんだ…しゃ、しゃべだって…
",5.0758125,0.037887886,0.24561777836134455,7016.68643875662,final_project_data\audio\voice_0276.wav
277,voice_0277.wav,"わたくしもっ、あんっ、イクっ、イキますぅっ!ていちゅんさまのっ、ああっ、おちんちんでっ、はぁぁんっ!
",8.413291666666666,0.046807572,0.12963898130544993,5018.883647940975,final_project_data\audio\voice_0277.wav
278,voice_0278.wav,"…勝山義久仁。御用改めだ。観念するがいい
",5.331270833333333,0.03684236,0.1490498046875,7752.133382277716,final_project_data\audio\voice_0278.wav
279,voice_0279.wav,"昨日の夜中、お父様がわたしを殺すって誰かに話してたの、知ってるんだから!
",6.692708333333333,0.031088134,0.15316325388136942,6259.997374344117,final_project_data\audio\voice_0279.wav
280,voice_0280.wav,"ダメです…そこは不浄な場所です…
",4.57,0.040884048,0.16267944955583757,5716.340976772466,final_project_data\audio\voice_0280.wav
281,voice_0281.wav,"んっ…仕方ない、でしょ…仕事は、きちんと…んんっ…や、やらない…と、いけない…し…
",13.41609977324263,0.044246204,0.11863756014814014,4573.82290897898,final_project_data\audio\voice_0281.wav
282,voice_0282.wav,"ふん、さっさと終わらせてよね
",3.2396458333333333,0.03141505,0.24588333932976975,7495.402393011752,final_project_data\audio\voice_0282.wav
283,voice_0283.wav,"…禅のくん、どうして?
",3.513354166666667,0.020885894,0.13803562973484848,7329.71176829714,final_project_data\audio\voice_0283.wav
284,voice_0284.wav,"んぅぅっ、んっ、んぅっ…ん、おぉっ…その動き、やばぁっ…
",6.368231292517007,0.046747748,0.07367977288251366,3107.169993167394,final_project_data\audio\voice_0284.wav
285,voice_0285.wav,"うぅぅ…
",2.6398125,0.035221346,0.08509678994455645,4429.429179532185,final_project_data\audio\voice_0285.wav
286,voice_0286.wav,"気分がメラメラしてきたぞ!
",2.246077097505669,0.039901268,0.15005335856958762,5499.371689221769,final_project_data\audio\voice_0286.wav
287,voice_0287.wav,"んっ、あんっ…キミの手、力入ってるね…大丈夫。私は、ずっとキミだけのものよ
",11.79734693877551,0.040357914,0.12229836913102261,4694.33765788645,final_project_data\audio\voice_0287.wav
288,voice_0288.wav,"妊娠、しちゃう…いやぁぁ…
",4.41,0.04296722,0.17271921258223685,6243.871163662457,final_project_data\audio\voice_0288.wav
289,voice_0289.wav,"あ、ん…ダメだよぉ…強く、してほしくなっちゃう…
",7.5134240362811795,0.04870418,0.11663592303240741,4365.169283286663,final_project_data\audio\voice_0289.wav
290,voice_0290.wav,"はぁんっ、ああっ、ああっ…!
",3.484125,0.039234933,0.10948699111238532,4959.496500348401,final_project_data\audio\voice_0290.wav
291,voice_0291.wav,"ひぁああっ、あっ、ああっ!そ、それっ、らめぇっ!あっ、あっ、ああぁっ!
",6.045947916666667,0.057973985,0.03575906635802469,3976.7127410792664,final_project_data\audio\voice_0291.wav
292,voice_0292.wav,"んくぅっ…擦って…ふぁ、あっ…もっと…せーし好きぃ…
",6.478979591836735,0.03549434,0.1636528329047406,5781.944857275896,final_project_data\audio\voice_0292.wav
293,voice_0293.wav,"あんっ…
",1.28015873015873,0.025119308,0.14102090371621623,5123.635460323255,final_project_data\audio\voice_0293.wav
294,voice_0294.wav,"あ、ああっ、んっ…はぁ、はぁっ、はぁっ…あっ、あっ、んんっ、はっ、はぁ、はっ、あっ、あっ、あ、あ、あっ、あんっ、ん、んっ、んっ、あっ、ああっ、あんっ!
",19.671224489795918,0.043820243,0.09414148921460178,3784.244331699503,final_project_data\audio\voice_0294.wav
295,voice_0295.wav,"うぅ…逃げないでくだされ…
",3.1196041666666665,0.04981267,0.0991410916168942,4951.642974446914,final_project_data\audio\voice_0295.wav
296,voice_0296.wav,"絶対、絶対、許しません
",4.01,0.027073294,0.18203410696476063,6935.411272078476,final_project_data\audio\voice_0296.wav
297,voice_0297.wav,"さぁ、足に口づけをなさい
",3.423958333333333,0.040293895,0.1479142328660436,6394.501030343761,final_project_data\audio\voice_0297.wav
298,voice_0298.wav,"…本を貸して欲しいの?
",2.078004535147392,0.039828327,0.0892681782472067,3115.1496854954526,final_project_data\audio\voice_0298.wav
299,voice_0299.wav,"う、うんっ、お、お願い…!も、もう、一気に…奥まで、挿れてぇ…!
",7.115104166666667,0.032827348,0.15899475463136228,6203.840012515327,final_project_data\audio\voice_0299.wav
300,voice_0300.wav,"じゅぷっ、じゅぽっ、んっ、んぅぅ…
",7.239070294784581,0.038217142,0.17190708258213142,5833.809725829544,final_project_data\audio\voice_0300.wav
301,voice_0301.wav,"んっ、んんぅぅっ…!んっ、んっ、んむぅっ…!ちゅっ、ちゅぷっ、んんっ…!
",8.700541666666666,0.029599328,0.12566241096047795,4977.322130853124,final_project_data\audio\voice_0301.wav
302,voice_0302.wav,"なーにー?聞こえないわよー?
",5.302154195011338,0.048828583,0.08377495897155361,5138.6061684746355,final_project_data\audio\voice_0302.wav
303,voice_0303.wav,"生まれたばかりだというのに…本気でやらないと確実に仕留められる
",6.355729166666666,0.03524436,0.12483778575922819,5929.0384999493635,final_project_data\audio\voice_0303.wav
304,voice_0304.wav,"んっ…んんっ…
",3.7484126984126984,0.027580205,0.07566847668343653,3537.643666537342,final_project_data\audio\voice_0304.wav
305,voice_0305.wav,"はぅ…瀬野くん、わ、私は別に…
",5.3005,0.023437615,0.207920373805332,7150.4086794626155,final_project_data\audio\voice_0305.wav
306,voice_0306.wav,"焦らしちゃおっと
",1.912517006802721,0.029578492,0.17745324337121213,5380.943496359929,final_project_data\audio\voice_0306.wav
307,voice_0307.wav,"はぁっ、はぁっ…い、異物感しか、ない…
",5.367528344671202,0.0387258,0.19147163539416848,6570.008051794371,final_project_data\audio\voice_0307.wav
308,voice_0308.wav,"理解に苦しむね。お前の頭は、まともだと思っていたのだけど?
",6.427520833333333,0.046602797,0.08179318252487562,4525.948653780884,final_project_data\audio\voice_0308.wav
309,voice_0309.wav,"げほげほげほっ…ぐすっ…あ、あと…少し、経った、のに…
",11.193145833333332,0.025728857,0.16621465773809524,6612.490317025498,final_project_data\audio\voice_0309.wav
310,voice_0310.wav,"…最悪です
",3.0324036281179136,0.026939414,0.188620065004771,6391.4466819427,final_project_data\audio\voice_0310.wav
311,voice_0311.wav,"た、助けてー!
",2.950083333333333,0.043256283,0.15265223093411553,5917.255039710997,final_project_data\audio\voice_0311.wav
312,voice_0312.wav,"こんな酔っぱらったやつらのところにいたら、身体がいくらあっても足りなくなっちゃう…どうしよう、勢いで襲われちゃったりしたら…
",12.601768707482993,0.04451604,0.10835707297421732,4947.844853306843,final_project_data\audio\voice_0312.wav
313,voice_0313.wav,"ひわひ…あ、ああぁっ…は、あぁっ…あぅっ、ん、んっ…
",7.164458333333333,0.050506875,0.0832366943359375,3664.842185536394,final_project_data\audio\voice_0313.wav
314,voice_0314.wav,"あっ…あっつい
",3.05140589569161,0.036769934,0.1567215720057034,5574.691387612438,final_project_data\audio\voice_0314.wav
315,voice_0315.wav,"そんなに、いじったらぁ…
",4.3795691609977325,0.025152005,0.1890178054728836,6700.195480775395,final_project_data\audio\voice_0315.wav
316,voice_0316.wav,"ちゅっ、ちゅぅぅ…んっ、んふっ、んっ、じゅるるっ
",6.457165532879818,0.031061245,0.2401458356710054,6734.371028381206,final_project_data\audio\voice_0316.wav
317,voice_0317.wav,"ゆ、指を、動かさないで…ああっ
",4.42,0.047189772,0.1064441359186747,5358.33071102048,final_project_data\audio\voice_0317.wav
318,voice_0318.wav,"今日はここまでだよ。次はもっとすごいサービス、してあげるね
",8.18235827664399,0.0523691,0.09447307180851064,3757.867939691871,final_project_data\audio\voice_0318.wav
319,voice_0319.wav,"ちゅぷっ、ちゅぱっ、んちゅっ、はぁむっ、んんぅっ、んっ、んぢゅっ、ぢゅぅぅっ!
",7.944041666666666,0.026547523,0.14653877411912752,5055.917373898608,final_project_data\audio\voice_0319.wav
320,voice_0320.wav,"そっち?まあいいけど…
",2.974512471655329,0.041382246,0.11162451361867705,4655.442421379309,final_project_data\audio\voice_0320.wav
321,voice_0321.wav,"とろとろ
",1.0831292517006803,0.056219902,0.076171875,4747.656629608902,final_project_data\audio\voice_0321.wav
322,voice_0322.wav,"そんな…それは…
",2.8560544217687074,0.027946956,0.20388806300607287,6317.424279944334,final_project_data\audio\voice_0322.wav
323,voice_0323.wav,"はぁ…なんで私がこんなこと…いくらお金もらってるとはいえ、すっごく損した気分…
",8.762675736961452,0.04530527,0.11724829263245033,5116.576437710727,final_project_data\audio\voice_0323.wav
324,voice_0324.wav,"銀河よ、宇宙よ、恐れおののくがいい!今ここに、あたしと料理人さんの宇宙最強コンビが爆誕したのだー!
",11.544645833333334,0.047912635,0.08887845899699907,3948.7082439215137,final_project_data\audio\voice_0324.wav
325,voice_0325.wav,"んくぅぅっ…!
",1.2000226757369614,0.04290294,0.11279766376201923,5140.816370304731,final_project_data\audio\voice_0325.wav
326,voice_0326.wav,"じゃあ、まずは優灯がその名前を暗記するところから始めましょう
",5.564489795918368,0.051060278,0.098370361328125,4309.940827200334,final_project_data\audio\voice_0326.wav
327,voice_0327.wav,"まだ終わりじゃないわよ!
",1.8070416666666667,0.042637095,0.11322380514705882,5615.835025055069,final_project_data\audio\voice_0327.wav
328,voice_0328.wav,"孫の話を永遠と聞かされるからだよ
",3.262018140589569,0.04078499,0.09223823954626334,3185.23768164751,final_project_data\audio\voice_0328.wav
329,voice_0329.wav,"じゃあ、口でしてあげる…そうね、仕方ないから、顔に腰振って、性処理穴にしてもいいのよ?
",9.344489795918367,0.05067026,0.11597619856366459,4845.778940991136,final_project_data\audio\voice_0329.wav
330,voice_0330.wav,"どうしたの?シロン言っちゃうとダメなの?
",4.014166666666667,0.04952364,0.16171952710543766,5214.4414713638025,final_project_data\audio\voice_0330.wav
331,voice_0331.wav,"なんだそれは?絵本のことではないのか?
",3.039,0.044414654,0.07943907620614035,3748.9391498420828,final_project_data\audio\voice_0331.wav
332,voice_0332.wav,"私のおっぱいは、おもちゃじゃだ…んくぅぅっ!はっ、ひぃぃ…胸の、谷間…潜りこまないでぇ…っ!
",9.372312925170068,0.052076105,0.08537126295637376,3514.1154078893446,final_project_data\audio\voice_0332.wav
333,voice_0333.wav,"わわっ
",0.8068333333333333,0.040107198,0.0934094880756579,4076.7426800283897,final_project_data\audio\voice_0333.wav
334,voice_0334.wav,"安心しな。そっちはもう終わってる。時期じゃねーよ
",5.047395833333334,0.04629025,0.10436857199367089,4477.746674165804,final_project_data\audio\voice_0334.wav
335,voice_0335.wav,"ねえお兄ちゃん、ルーシェにもして?
",4.136077097505669,0.05129572,0.09244518119747899,3693.222449846022,final_project_data\audio\voice_0335.wav
336,voice_0336.wav,"ひゃうっ!?
",0.6585714285714286,0.035520185,0.12744997258771928,6196.551577331291,final_project_data\audio\voice_0336.wav
337,voice_0337.wav,"あぁ…なんて可愛い悲鳴…ちゅっ、ちゅっ…ちゅぷっ、れろれろっ…
",11.09,0.04122962,0.11764156070214435,4506.6201602576275,final_project_data\audio\voice_0337.wav
338,voice_0338.wav,"はーっ、はぁ、はっ、はっ、あぁぁ…ま、また…また、中に精液出されてるぅ…!
",12.150916666666667,0.03649658,0.10538351493969299,4373.83155263967,final_project_data\audio\voice_0338.wav
339,voice_0339.wav,"はぁっ、あっ、んんぅっ…!
",2.4992083333333333,0.043288503,0.1337620511968085,4784.156150366901,final_project_data\audio\voice_0339.wav
340,voice_0340.wav,"ひゃああっ、イくイくっ、ああっ!
",3.6568027210884355,0.057109177,0.08334728422619048,3451.3523993170215,final_project_data\audio\voice_0340.wav
341,voice_0341.wav,"行きます
",0.9099319727891156,0.035398763,0.17796306368670886,5458.967643284927,final_project_data\audio\voice_0341.wav
342,voice_0342.wav,"よくもそんな抜け抜けと…そう思うのでしたら、もうおやめにしませんこと?
",7.3946875,0.046325333,0.09370356403097983,4140.654834622687,final_project_data\audio\voice_0342.wav
343,voice_0343.wav,"かなり苦戦したけれど…大丈夫よ
",3.9461666666666666,0.040580332,0.2407833614864865,7481.998703041558,final_project_data\audio\voice_0343.wav
344,voice_0344.wav,"はい。皆様に楽しんでいただけるよう頑張ります。だから、私の恥ずかしいところ、いっぱい見て下さい
",11.505487528344672,0.037274774,0.07689248361895161,4253.194649706155,final_project_data\audio\voice_0344.wav
345,voice_0345.wav,"なんかユーステルの自己紹介で、変なことを言っていたような気がするです
",5.511791666666666,0.054783892,0.08519516138781431,4128.04201682807,final_project_data\audio\voice_0345.wav
346,voice_0346.wav,"はむっ、ちゅっ…んんっ、んっ、んんっ…
",6.338095238095238,0.041147176,0.19530981713598902,5843.30191165057,final_project_data\audio\voice_0346.wav
347,voice_0347.wav,"そんなの…でも…
",2.965333333333333,0.031694654,0.03841905576750449,5913.53702637501,final_project_data\audio\voice_0347.wav
348,voice_0348.wav,"無論です。お前だって、いい女がいれば店に入れたいですよね?
",6.112729166666667,0.05312851,0.10294908264372822,5597.265418971645,final_project_data\audio\voice_0348.wav
349,voice_0349.wav,"気持ち、いい、ですわ…もっと、強く、して、くださいませ…っ
",10.592041666666667,0.032056704,0.15874789754149898,6450.045796651292,final_project_data\audio\voice_0349.wav
350,voice_0350.wav,"あ…こ、この匂い…それに…ちゅっ、ちゅっ…あ、熱い…ですわ…
",12.364145833333334,0.036014695,0.11616673962823276,4648.426560217943,final_project_data\audio\voice_0350.wav
351,voice_0351.wav,"イッちゃううぅぅーっっ!
",4.012958333333334,0.0460427,0.12895028597480107,4806.422902320344,final_project_data\audio\voice_0351.wav
352,voice_0352.wav,"村には帰れないしね
",2.3719791666666667,0.045956846,0.06663615821188341,3113.417625569152,final_project_data\audio\voice_0352.wav
353,voice_0353.wav,"小夜ちゃん、待っててね。すぐに戻ってくるから
",4.314666666666667,0.036034234,0.11828100887345679,6202.0554094775625,final_project_data\audio\voice_0353.wav
354,voice_0354.wav,"あなたが入ってるところ、エッチで恥ずかしい…はふぅ、はふぅ…んっ、あっ…いっぱい濡れて、お汁が飛び散ってるわ
",11.702857142857143,0.054936655,0.11759738525148662,4503.151370663806,final_project_data\audio\voice_0354.wav
355,voice_0355.wav,"そんな…ああ…
",2.36843537414966,0.044342417,0.07131526295731708,3613.5550988874397,final_project_data\audio\voice_0355.wav
356,voice_0356.wav,"ん、わかる…旅をしてた時は、クールぶってるくせに…椿と一緒で、むっつりだった…
",11.841833333333334,0.038537007,0.12276559687218722,5429.23754374965,final_project_data\audio\voice_0356.wav
357,voice_0357.wav,"あぐっ、あッ、ああぁぁッ、いぅぅッ、くああぁぁッ…!
",6.844854166666667,0.037712976,0.16097233377141745,5817.236069359482,final_project_data\audio\voice_0357.wav
358,voice_0358.wav,"出しちゃダメって、言ったのに…中に、いっぱい…奥の精液出て…
",13.555645833333333,0.04971861,0.10133699166502753,4215.498370858154,final_project_data\audio\voice_0358.wav
359,voice_0359.wav,"いやっ、やめなさいっ!きゃーっ!
",3.5455833333333335,0.04105982,0.13615861955705705,5699.888646503116,final_project_data\audio\voice_0359.wav
360,voice_0360.wav,"んぐっ、ごくっ、ごくんっ…ぷはっ、はぁっ、はっ…んふふっ
",8.766395833333334,0.027315158,0.16164010226581507,7929.590789225604,final_project_data\audio\voice_0360.wav
361,voice_0361.wav,"ふぁぁっ、ああぁぁっ…これ、やばいって…んっ、ふぁぁっ…
",9.963015873015873,0.039799433,0.10474343349825378,3799.8385812937936,final_project_data\audio\voice_0361.wav
362,voice_0362.wav,"ひぎぃっ!?お、奥に来たチンポっ!すごい膨らんでっ!
",5.285791666666666,0.043947298,0.153900146484375,5885.328728338869,final_project_data\audio\voice_0362.wav
363,voice_0363.wav,"んぢゅるっ、ぢゅぷっ、じゅるるるるるっ!ぢゅっ、ぷぷっ…ぢゅちゅううぅぅっ…!
",8.24079365079365,0.037546866,0.1612978653169014,5186.921725035888,final_project_data\audio\voice_0363.wav
364,voice_0364.wav,"しかも見えやすいところに置いてあって
",2.7088208616780047,0.03856652,0.10432942708333333,3665.1273306569096,final_project_data\audio\voice_0364.wav
365,voice_0365.wav,"…ありがとう。優しいね
",4.172925170068027,0.027552145,0.14730224609375,5648.087020475385,final_project_data\audio\voice_0365.wav
366,voice_0366.wav,"そう…
",1.02525,0.022317542,0.21558875644329897,9254.943663108092,final_project_data\audio\voice_0366.wav
367,voice_0367.wav,"んっ、お、お尻…ああっ、おちんちん、入って、くぅぅっ!お尻に、ふぁ、あっ、ああぁぁっ!
",12.751958333333333,0.032885168,0.1570889782347408,5813.998304209922,final_project_data\audio\voice_0367.wav
368,voice_0368.wav,"ご主人様ぁ…
",2.9347392290249434,0.05266319,0.1241315155632411,4733.682695317643,final_project_data\audio\voice_0368.wav
369,voice_0369.wav,"あらぁ?娘さんより年下の女の子におちんぽしゃぶられて、腰、ガクガクさせちゃってるんですかぁ?
",10.41344671201814,0.055250444,0.11040218697742475,4684.733396985174,final_project_data\audio\voice_0369.wav
370,voice_0370.wav,"んくっ…ふぅ…んっ…んんっ…んふぅ…ふぅぅ…ん、んくっ…ん、んんっ…
",20.630041666666667,0.019579664,0.15745644581718346,4756.815071178281,final_project_data\audio\voice_0370.wav
371,voice_0371.wav,"見回り組か…ひょっとしたら…
",3.648833333333333,0.04044781,0.08227040816326531,4257.054801460333,final_project_data\audio\voice_0371.wav
372,voice_0372.wav,"私を馬鹿にしてるの?いい加減にしなさい
",4.569875,0.03868051,0.10973694274475525,4884.399432001477,final_project_data\audio\voice_0372.wav
373,voice_0373.wav,"ふふ…すごく、たくましいです…
",8.5565625,0.018525612,0.21051489044987548,5708.805125529048,final_project_data\audio\voice_0373.wav
374,voice_0374.wav,"です。なんだかんだで、あいつは一番最初の死神代行助手ですし、誤算も誤算ですからね
",9.022875,0.051740713,0.12407076499704492,5586.940016336598,final_project_data\audio\voice_0374.wav
375,voice_0375.wav,"こ、これはズルじゃないんだからね
",3.6876041666666666,0.038598552,0.06391262870303469,3052.7667305137747,final_project_data\audio\voice_0375.wav
376,voice_0376.wav,"んっ、くぅ…はぁっ、もっと奥まできて…いっぱいちょうだい…っ
",7.87641723356009,0.032625277,0.10445982718151693,4091.8137226023505,final_project_data\audio\voice_0376.wav
377,voice_0377.wav,"彼らはそれぞれ、職業や得意なこと、夢などがあります。それによって街へのメリットが違います。種族はバラバラでも、働き方は同じです
",13.230416666666667,0.044015534,0.13245405985596292,5795.602212636414,final_project_data\audio\voice_0377.wav
378,voice_0378.wav,"ありがとうございます、兄様
",2.6784791666666665,0.030082148,0.22597733754960317,6904.494919190543,final_project_data\audio\voice_0378.wav
379,voice_0379.wav,"じゃあ、これからは…もっと惚れさせてあげるわね
",5.844625850340136,0.028808942,0.18167065817212302,6756.751332222059,final_project_data\audio\voice_0379.wav
380,voice_0380.wav,"おぉっ、おぉぉっ!お、おちんちんビクビクしてっ、種付けされるぅぅーっ!
",9.649410430839001,0.04184204,0.14378239558293268,4614.19936651226,final_project_data\audio\voice_0380.wav
381,voice_0381.wav,"まったく、急がないと日が暮れてし…え?んぁっ、はぁんっ!
",8.974125,0.031796686,0.11992813798990498,5948.4357357578665,final_project_data\audio\voice_0381.wav
382,voice_0382.wav,"んっ、んんっ、ひぐぅぅ…!
",3.46675,0.04258602,0.13590245159125766,5788.811111893932,final_project_data\audio\voice_0382.wav
383,voice_0383.wav,"あっ、んんっ!そんなに、されたらぁ…っ、イって…んんっ!
",6.919002267573696,0.042708155,0.1599973128145973,5944.688965863537,final_project_data\audio\voice_0383.wav
384,voice_0384.wav,"ごほん、ごほんごほん
",2.062895833333333,0.04455299,0.09211400612113402,5763.6579344733955,final_project_data\audio\voice_0384.wav
385,voice_0385.wav,"…っ
",1.8524375,0.015972933,0.36603133979885055,9488.078679076545,final_project_data\audio\voice_0385.wav
386,voice_0386.wav,"うぐっ…!
",1.57,0.0312218,0.18911990603885134,8157.987855214046,final_project_data\audio\voice_0386.wav
387,voice_0387.wav,"で、次は何してくれんの?
",3.7573541666666666,0.042856812,0.12802928027620397,4888.514101475942,final_project_data\audio\voice_0387.wav
388,voice_0388.wav,"緊張してんじゃないですよー!しっかりやれです!
",4.1115,0.047958992,0.15134568288536268,6353.922430834057,final_project_data\audio\voice_0388.wav
389,voice_0389.wav,"んああぁぁーっ!
",2.352125,0.048701387,0.11385348911199095,5657.461019024487,final_project_data\audio\voice_0389.wav
390,voice_0390.wav,"しょうがないわね。それじゃあ、私に続いて喋ってみなさい
",6.230204081632653,0.038923018,0.08088828997905027,3975.253616748521,final_project_data\audio\voice_0390.wav
391,voice_0391.wav,"イ、イくっ…イくっ…!あっ、ああぁぁっ…!
",7.360839002267574,0.044079233,0.11778343380905512,4103.8918408218,final_project_data\audio\voice_0391.wav
392,voice_0392.wav,"はぁい。ボクちゃん、いい子にしていましたか?今日のお薬の時間でーす
",8.33485260770975,0.04544864,0.11717593902332869,4839.537387662373,final_project_data\audio\voice_0392.wav
393,voice_0393.wav,"びゅびゅっ、らめっ、おなか、はれしゅしゅっ…んっ、んくっ、やらっ、ふかれはねっ、んっ、んんーっ!
",10.031020408163265,0.040395506,0.08210463330924855,3881.1738705293174,final_project_data\audio\voice_0393.wav
394,voice_0394.wav,"し、しませんっ。そんなこと…こ、子供は好きですが、そういった対象ではありませんからっ
",11.307732426303854,0.029738937,0.18447706782597537,5588.7286832016935,final_project_data\audio\voice_0394.wav
395,voice_0395.wav,"ああ…直に見てくれ…
",3.430748299319728,0.04958029,0.10315106366131757,4751.7111547440845,final_project_data\audio\voice_0395.wav
396,voice_0396.wav,"これはマズいね…静子と一緒になるより危ないかも
",6.078503401360544,0.035342284,0.11826283695133588,4293.563458226991,final_project_data\audio\voice_0396.wav
397,voice_0397.wav,"ふわぁぁ…
",4.022857142857143,0.037599575,0.12305531790345821,4653.9064480354255,final_project_data\audio\voice_0397.wav
398,voice_0398.wav,"おっ、おっ、おぉっ、おっ、おおぉっ…イってるぅ…妊娠おまんこ、擦り合わせてぇ…うぐぅ…私、イっちゃってるぅ…ううぅぅ…っ
",14.84297052154195,0.059337296,0.06059917721364347,2749.3918381031017,final_project_data\audio\voice_0398.wav
399,voice_0399.wav,"いっぱい取ってきたね
",1.7501875,0.04707118,0.09629498106060606,4360.032486015473,final_project_data\audio\voice_0399.wav
400,voice_0400.wav,"料理人さん、何か特別な調味料でも入れました?
",4.700541666666667,0.05413047,0.07802535076530612,3298.5110468037074,final_project_data\audio\voice_0400.wav
401,voice_0401.wav,"ん?言わない?何を言わないの?別にキミの言語は制限されていないよ?自由だよ?なんでも言っていいんだよ?
",11.432354166666666,0.038422465,0.1086152489505597,4908.674774572072,final_project_data\audio\voice_0401.wav
402,voice_0402.wav,"いや、そういう絵画販売とかじゃなくて…おじさん、色々溜まってそうだから、それを解消してあげようと思って
",10.489614512471656,0.03427226,0.20701774664684736,5422.580730153845,final_project_data\audio\voice_0402.wav
403,voice_0403.wav,"こんなにも魔族が魔王様を襲ってくるとは。どうやら暴走しているというのは疑いようのない事実だな。そうでなかったら、あなたは相当に嫌われている王だぞ
",12.036621315192743,0.04560956,0.04157594774590164,2932.6846022679047,final_project_data\audio\voice_0403.wav
404,voice_0404.wav,"ご主人様のして欲しいこと…わかりますよ?
",5.2530833333333335,0.039684527,0.15368677104462475,6390.376491033747,final_project_data\audio\voice_0404.wav
405,voice_0405.wav,"いいですよ。残った下着、私が脱がせてあげます
",5.092416666666667,0.044007204,0.10143481138859832,5191.382587913446,final_project_data\audio\voice_0405.wav
406,voice_0406.wav,"妹とのいざこざにお二人を巻き込んでしまい、すみません
",5.538,0.049148,0.08476167739412897,8808.484486031826,final_project_data\audio\voice_0406.wav
407,voice_0407.wav,"んぶううぅぅっ!?ん、は、はぷ、ん、あ、ああぁっ、そこ、ダメぇ…奥、もごもご、ぢゅるっ、そ、そこなら、ごにごりしないでぇっ!
",13.872063492063493,0.037828542,0.07795706393828451,4004.8717509640733,final_project_data\audio\voice_0407.wav
408,voice_0408.wav,"痛い…痛い…アソコも、お腹も…ペニスが…奥のペニス、が…
",9.067392290249433,0.041597333,0.1143196281569693,4492.203947287619,final_project_data\audio\voice_0408.wav
409,voice_0409.wav,"あうぅ…恥ずかしいです…
",3.4481632653061225,0.04479525,0.11542444421140939,4264.946401235546,final_project_data\audio\voice_0409.wav
410,voice_0410.wav,"じゃあ、このまま教室に行こうか
",3.5938321995464855,0.0377273,0.12170173891129032,5804.01573930382,final_project_data\audio\voice_0410.wav
411,voice_0411.wav,"んはぁああんっ、らめぇ…んっ、んんっ、んくっ、んっんっ…気持ちいい…あっあっあっ…
",12.431833333333334,0.04478069,0.027730646382990134,3797.8624565440127,final_project_data\audio\voice_0411.wav
412,voice_0412.wav,"はぁ…はぁ…お尻、なんで…こんな…おかしりよぉ…
",16.729979166666666,0.018132482,0.13506375975940088,4722.231729877215,final_project_data\audio\voice_0412.wav
413,voice_0413.wav,"んんっ…あなたは、もちっとした肌で…馬鹿そうです…んっ、んっ、んんっ
",9.482448979591837,0.05286701,0.08624708346083232,3527.6968892535424,final_project_data\audio\voice_0413.wav
414,voice_0414.wav,"こんなものか
",1.0359583333333333,0.055134155,0.1117366868622449,4717.48306012617,final_project_data\audio\voice_0414.wav
415,voice_0415.wav,"教祖様の神だって、所詮は淫魔と一緒ですわ…
",6.9122916666666665,0.040877037,0.15327667565485362,5613.838520109581,final_project_data\audio\voice_0415.wav
416,voice_0416.wav,"も、もうやめてっ!そんなに出さないでっ!赤ちゃんできちゃうからぁ!
",6.141,0.041976724,0.08585442437065972,3641.1190703614025,final_project_data\audio\voice_0416.wav
417,voice_0417.wav,"ほらほら、ご自分の状態を、しっかり原稿にしてくださいませ
",6.415958333333333,0.057629336,0.11094771984011628,4837.93566955553,final_project_data\audio\voice_0417.wav
418,voice_0418.wav,"じゅぶっ、じゅぼっ、ぐぽっ、ぐぼっ…んんっ…ら、らひてくらひゃい…んぐぅっ…!
",9.07809375,0.030956624,0.030401600576189076,3257.0494003137874,final_project_data\audio\voice_0418.wav
419,voice_0419.wav,"い、挿れるなら、さっさとして…
",3.608791666666667,0.028742619,0.2110685725479351,6851.456415716347,final_project_data\audio\voice_0419.wav
420,voice_0420.wav,"私たちのこと、ですか?
",3.113469387755102,0.043970343,0.17747843575743494,6598.669861523485,final_project_data\audio\voice_0420.wav
421,voice_0421.wav,"いくいくいくいくいく…いっくぅぅー!
",5.250739583333333,0.049157258,0.049185041243654824,5054.308389242741,final_project_data\audio\voice_0421.wav
422,voice_0422.wav,"びしょびしょまんこでローション要らずよ
",3.266031746031746,0.038868885,0.12633498171542554,4244.869933648116,final_project_data\audio\voice_0422.wav
423,voice_0423.wav,"ちゅ…
",0.47891156462585033,0.044373553,0.14650762648809523,5577.891584582544,final_project_data\audio\voice_0423.wav
424,voice_0424.wav,"えへへ…ちゅー、ちゅー気持ちいい…はぁ、はぁ、ちゅうぅ…んちゅ、ちゅぅぅ…
",9.874285714285714,0.048116814,0.15645713223413632,5077.360824522669,final_project_data\audio\voice_0424.wav
425,voice_0425.wav,"んっ、ふぅ…あ、あぁっ!あぅぅっ、いっ、あっ、んぐぅっ、あ、あぐぅっ…ひぐっ、あ、あぁっ、あ、あっ、んくぅっ…はぁっ、あっ、あっ、ああぁっ!
",14.987596371882086,0.030574553,0.1230151045701007,5141.411064932169,final_project_data\audio\voice_0425.wav
426,voice_0426.wav,"先日、どなたかと勝負すると話しているのを聞きました
",4.822063492063492,0.050407074,0.10889141376201923,4781.67505373085,final_project_data\audio\voice_0426.wav
427,voice_0427.wav,"ひぅ、んっ、んぁっ!んくっ、ふぅぅっ…!あ、あ、あ、ふぅっ…ん、くぅっ…!
",9.53025,0.039372373,0.1659435297818792,5866.217395843975,final_project_data\audio\voice_0427.wav
428,voice_0428.wav,"此度の成果におごらないこと。あなたは未だ、星のほんの一画を制したに過ぎません。これからも、あなたが一人前になるまでシゴいてやりますわ
",12.792333333333334,0.05015765,0.108250732421875,5634.372057061845,final_project_data\audio\voice_0428.wav
429,voice_0429.wav,"…ああ、やはりそういうことか
",3.6927891156462587,0.032244634,0.12875318377742948,3904.8906198917225,final_project_data\audio\voice_0429.wav
430,voice_0430.wav,"はぁっ、はぁっ…わ、私はダークエルフ…こんな勝負でも負けてたまるもんか…
",9.136122448979592,0.0429437,0.09339821414390088,4272.703576419503,final_project_data\audio\voice_0430.wav
431,voice_0431.wav,"そらそら、かかってきな!
",2.6420625,0.04339115,0.12329298450100806,5617.430218516363,final_project_data\audio\voice_0431.wav
432,voice_0432.wav,"かといって、カリストだってバカじゃないもんね
",4.102166666666666,0.0432341,0.09911348417207792,5493.43416378328,final_project_data\audio\voice_0432.wav
433,voice_0433.wav,"そうだよね…豊かな創作のためには、うんと贅沢しなくちゃ。いいよ、遠慮なく使って
",7.398344671201814,0.055444196,0.12198689140869906,4444.881386107502,final_project_data\audio\voice_0433.wav
434,voice_0434.wav,"んんっ…そうそう、いい具合にケツ穴にフィットしてるわね
",6.121541950113379,0.039439294,0.10760775479403409,3957.6506808938047,final_project_data\audio\voice_0434.wav
435,voice_0435.wav,"あぅぅ…はぁ、はぁ…も、もう…もうやめて…抜いて…
",10.058125,0.037932724,0.10148224168213149,4330.597469968401,final_project_data\audio\voice_0435.wav
436,voice_0436.wav,"ふふ、おっぱいの間がおちんちんの形になってきたね。ここは君だけの形よ
",8.586167800453515,0.045053814,0.1023826805320946,4305.724159792972,final_project_data\audio\voice_0436.wav
437,voice_0437.wav,"今回は若き日の領主を描いたスピンオフですぞ。過去回想ってやつですな
",8.450416666666667,0.04457308,0.1062421185372005,4977.920498584681,final_project_data\audio\voice_0437.wav
438,voice_0438.wav,"気軽にって!無理に決まってんでしょ!一つの店を預かるのよ!
",13.285166666666667,0.04657475,0.16833319748194223,5823.45001206242,final_project_data\audio\voice_0438.wav
439,voice_0439.wav,"はぁぁ…あ、あぁぁ…っ!くふぅ…んっ、んっ、あぁぁ…!
",6.759666666666667,0.026044562,0.12566926877957413,4696.340269365338,final_project_data\audio\voice_0439.wav
440,voice_0440.wav,"…よっ!
",1.3513958333333334,0.0123754395,0.1741203248031496,7256.066984403673,final_project_data\audio\voice_0440.wav
441,voice_0441.wav,"アタシ、最初は剣士じゃなくて魔法使いになりたかったのよ。でも、どれだけ練習しても魔法の腕前は上達しなくてね
",10.74482993197279,0.043212175,0.11936736467332613,4672.096900363672,final_project_data\audio\voice_0441.wav
442,voice_0442.wav,"はぁ、はぁ…お、おっぱいも、アソコも、これぐらいにして…
",7.832770833333333,0.030006206,0.10541693239795918,3970.865949197343,final_project_data\audio\voice_0442.wav
443,voice_0443.wav,"したくなっちゃったの?いいわよ、来て
",6.345351473922903,0.02051399,0.17539026793875687,6443.945976679861,final_project_data\audio\voice_0443.wav
444,voice_0444.wav,"ぬっ、ぬぬぅっ…わたひ、は、キスですぅっ!おちんぽなどに、くっ…屈しませんっ!絶対っ…ひぐっ、んぐぅぅっ!
",15.015510204081632,0.040258992,0.12060471406491499,4559.261506380067,final_project_data\audio\voice_0444.wav
445,voice_0445.wav,"はぁ、はぁ…ご主人様の精液、熱すぎですぅ…
",7.6335374149659865,0.050652314,0.1321275705262158,4672.278065681569,final_project_data\audio\voice_0445.wav
446,voice_0446.wav,"はぁ、はぁ、いいですよっ…もっと強くしてくださいっ…私のおまんこ使って、もっとバコバコして、精子いっぱいびゅーってしてもいいんですよっ…
",11.628866213151927,0.05190329,0.10310872395833333,4245.724287013565,final_project_data\audio\voice_0446.wav
447,voice_0447.wav,"い、嫌っ!
",1.285875,0.0287396,0.14960776084710745,5765.100081709087,final_project_data\audio\voice_0447.wav
448,voice_0448.wav,"んああっ、か、感じる…感じまくるぅっ!こ、こんなのすぐに…ああっ、イ、イきそうになって…
",11.847125,0.034224056,0.15575952126462647,5469.556467324598,final_project_data\audio\voice_0448.wav
449,voice_0449.wav,"やっ、だめっ、イキそうっ…も、もうっ、指を抜いてっ…ふぁぁっ…!
",5.54,0.05170894,0.09140665860355648,3990.2729005691203,final_project_data\audio\voice_0449.wav
450,voice_0450.wav,"ゴブリン風情から逃げ惑うしかないとは…
",3.9983333333333335,0.04391791,0.09902864583333333,4582.093215601266,final_project_data\audio\voice_0450.wav
451,voice_0451.wav,"わかりましたわ
",1.3264625850340137,0.049416713,0.11616847826086957,5072.253750515099,final_project_data\audio\voice_0451.wav
452,voice_0452.wav,"ダメですよ。最近練習も疎かになっていましたし、それに…
",5.995873015873016,0.05032799,0.15092046210106383,5176.1749981735065,final_project_data\audio\voice_0452.wav
453,voice_0453.wav,"まあまあ、このようにキラキラの宝石まで
",4.23225,0.05566275,0.092158473709068,4400.968716338057,final_project_data\audio\voice_0453.wav
454,voice_0454.wav,"あっ、はぁ、はぁっ、はっ、あ、あ、ああっ!
",3.6981632653061225,0.047161516,0.11758853350313479,4241.582803441432,final_project_data\audio\voice_0454.wav
455,voice_0455.wav,"そのつもり。南の街道にかけられた魔法を解かなきゃいけないから
",6.262335600907029,0.050672553,0.12303150318287037,5483.934046860226,final_project_data\audio\voice_0455.wav
456,voice_0456.wav,"もっとです?んんっ、しょ…これくらい、です?
",7.900430839002268,0.035162225,0.12541586361967694,5311.516248592828,final_project_data\audio\voice_0456.wav
457,voice_0457.wav,"ああ、なんということでしょう…。今のは少々驚かされてしまいましたよ、ご主人様…
",9.9715625,0.054725524,0.09897487048796791,4458.133033583953,final_project_data\audio\voice_0457.wav
458,voice_0458.wav,"はぁ、んっ…あ、あ、んっ…中、広がって…ふぁぁっ…
",9.543604166666666,0.038497135,0.14128186103351956,5667.499709440733,final_project_data\audio\voice_0458.wav
459,voice_0459.wav,"わたし…はぁ、はぁ…あんなに酷いことされて、感じちゃうなんて…
",8.095102040816327,0.032572344,0.10807245030444126,5144.272632793483,final_project_data\audio\voice_0459.wav
460,voice_0460.wav,"んっ、あんっ…え?わたくし自身も感じてる…ですって?
",10.098520833333334,0.034379106,0.11463781596488912,5402.514787197288,final_project_data\audio\voice_0460.wav
461,voice_0461.wav,"ちゅっ…はぁっ…ふふっ…
",4.918163265306123,0.03691892,0.06619896079009434,3314.140794323348,final_project_data\audio\voice_0461.wav
462,voice_0462.wav,"はぁ…はぁ…
",2.738503401360544,0.03983997,0.07952570511122882,4302.308749894169,final_project_data\audio\voice_0462.wav
463,voice_0463.wav,"聞き耳立ててたネズミが全部で5匹ぐらいおったな
",4.873291666666667,0.05693064,0.06900578672045952,3606.64616187296,final_project_data\audio\voice_0463.wav
464,voice_0464.wav,"んひぃぃっ!お、女…お腹の奥におちんちん、入ってきてるみたいで…く、苦しい…んはっ、あぐっ、ううぅぅっ!
",14.972041666666666,0.026925076,0.1267361111111111,4378.565562255917,final_project_data\audio\voice_0464.wav
465,voice_0465.wav,"はぁ…んんっ、もう…
",3.1641269841269843,0.04845824,0.0641919929029304,3260.0100832611483,final_project_data\audio\voice_0465.wav
466,voice_0466.wav,"出してくれたんですね…嬉しい…
",4.45,0.050408382,0.1178906758626302,5001.569255057528,final_project_data\audio\voice_0466.wav
467,voice_0467.wav,"ほら、いいのよ。また好き勝手に出しなさい…んっ
",6.120249433106576,0.044978794,0.119171142578125,5054.197272421032,final_project_data\audio\voice_0467.wav
468,voice_0468.wav,"ま、マナ、なんかおかしくなってた…
",3.1895691609977326,0.034163933,0.117109375,5398.716669266476,final_project_data\audio\voice_0468.wav
469,voice_0469.wav,"えっ…嘘、そんなこと言った…?う、ううん、ない…言うわけない…
",8.14437641723356,0.03860679,0.12344821158297721,4621.997941060371,final_project_data\audio\voice_0469.wav
470,voice_0470.wav,"じゃーん
",1.3659410430839003,0.04322558,0.09360930879237288,4105.714587225275,final_project_data\audio\voice_0470.wav
471,voice_0471.wav,"料理人さんのお役に立てるなら、とっても嬉しいです
",3.6962291666666665,0.058106303,0.10005966318443804,4314.084430526946,final_project_data\audio\voice_0471.wav
472,voice_0472.wav,"ねえ、おじさん…今、家に誰もいないよね?
",6.462125,0.03392846,0.1161376147380363,5144.317504968044,final_project_data\audio\voice_0472.wav
473,voice_0473.wav,"ひあっ、ああっ、あっ!だ、だめっ、もうやめてっ、あっあっあっ、変になっちゃうからぁっ!
",7.432041666666667,0.049753033,0.07382224040530846,3740.1349210767703,final_project_data\audio\voice_0473.wav
474,voice_0474.wav,"ふふふっ…さーて、スッキリして理性が戻ったなら、そろそろ水浴びしない?
",9.698616780045352,0.032932285,0.1476887242075359,6622.778363063648,final_project_data\audio\voice_0474.wav
475,voice_0475.wav,"ありえないっ、んんっ、こんな辱めでっ、感じるなんてっ、きゃああっ!
",6.6,0.047611315,0.1131010407513181,4946.722296354328,final_project_data\audio\voice_0475.wav
476,voice_0476.wav,"ヤイチ、今日はおやつを持ってきました
",3.315,0.042239983,0.08180987489951769,5296.4883570062675,final_project_data\audio\voice_0476.wav
477,voice_0477.wav,"あれ…なに?なん、だ…どうなって…
",6.881269841269841,0.040389564,0.09173511936129848,4659.903935085601,final_project_data\audio\voice_0477.wav
478,voice_0478.wav,"いや、いやぁぁ…!
",3.506291666666667,0.035252526,0.11268017429711247,5564.065835914048,final_project_data\audio\voice_0478.wav
479,voice_0479.wav,"うん、いい感じ。今回も宿泊させていただくわ
",4.407392290249433,0.046742193,0.11629317434210526,5099.404640046214,final_project_data\audio\voice_0479.wav
480,voice_0480.wav,"えへへ
",1.226375,0.04600286,0.12722911005434784,5458.968080849972,final_project_data\audio\voice_0480.wav
481,voice_0481.wav,"えへへー
",1.2851020408163265,0.04937231,0.1220263231981982,4938.669626091667,final_project_data\audio\voice_0481.wav
482,voice_0482.wav,"んぐっ、ごっ、ごくっ…お、おぉっ…おぉっ、おぉっ、おっ、おぉっ…!
",8.447125,0.024884667,0.03760813703440657,3109.94091500766,final_project_data\audio\voice_0482.wav
483,voice_0483.wav,"そうでしょうか。兄様は慎重そうに見えて、無茶をするときがありますから
",6.602875,0.031494766,0.1826353011592742,6321.788424158324,final_project_data\audio\voice_0483.wav
484,voice_0484.wav,"ほう、ジョイか
",2.1173333333333333,0.036073413,0.10058348382537688,8406.063915439692,final_project_data\audio\voice_0484.wav
485,voice_0485.wav,"はぁ、はぁ…私が、動きますから…そのまま…
",7.006462585034013,0.034991555,0.14902683283319537,5206.22303203866,final_project_data\audio\voice_0485.wav
486,voice_0486.wav,"ああ、もうイキそう…
",2.9,0.03705337,0.11342845243566177,4246.845512358784,final_project_data\audio\voice_0486.wav
487,voice_0487.wav,"舐めるんじゃないわよ…一生恨むから…って、ちょ、こらぁっ!
",7.539569160997733,0.0293804,0.14535606971153847,5780.825796944469,final_project_data\audio\voice_0487.wav
488,voice_0488.wav,"あ、そうだ、聞いてよ。同じパートの夜島さんがさ、あたしと同じで在学中に妊娠して結婚したんだって
",8.174036281179138,0.044265036,0.10734291888297873,3379.0231312322753,final_project_data\audio\voice_0488.wav
489,voice_0489.wav,"ああ…シズハのおまんこ、あたたかいですわ…
",6.452125,0.051477283,0.12800474560950414,4960.271303988135,final_project_data\audio\voice_0489.wav
490,voice_0490.wav,"足手まといになることしか、できないだなんて…
",3.8385416666666665,0.0479075,0.10112847222222222,4493.488332533188,final_project_data\audio\voice_0490.wav
491,voice_0491.wav,"…優先順位について、当機は厳重に抗議します
",4.185104166666667,0.05398143,0.10342244155534351,4776.25734166177,final_project_data\audio\voice_0491.wav
492,voice_0492.wav,"ふん、大袈裟に叫んで…もっとしっかりしないか
",6.16233560090703,0.04403938,0.14508941707862524,5419.075727089027,final_project_data\audio\voice_0492.wav
493,voice_0493.wav,"んふぅ…本当に、しょうがない、夫ですぅ…おまえに、されると、はぁぁ…おまんこ、疼いちゃう、です…
",12.9455,0.045256615,0.12927427087623558,5346.171566645315,final_project_data\audio\voice_0493.wav
494,voice_0494.wav,"うーん、いい感じに素直になってきた。おじさま、もっと本気で動かしてもいいよね?
",7.894965986394558,0.050965242,0.12332435641519823,4950.589220898627,final_project_data\audio\voice_0494.wav
495,voice_0495.wav,"やめて…ピストンの音がうるさくて、こんなにパンパン…いけません、誰かに聞こえてしまう…ケダモノに犯される音が…
",12.727619047619047,0.037858132,0.11935294054808569,4429.963097594469,final_project_data\audio\voice_0495.wav
496,voice_0496.wav,"こほんっ、ちょっぴり騒いでしまったわね。
",5.87525,0.037112165,0.2400589127722323,6766.703097556001,final_project_data\audio\voice_0496.wav
497,voice_0497.wav,"くっ…支援するぞ!
",2.169604166666667,0.024020407,0.1944268918504902,8287.993729403945,final_project_data\audio\voice_0497.wav
498,voice_0498.wav,"甘い、剣筋がぶれていますよ
",2.5472562358276645,0.04341727,0.12700639204545455,5157.78235605993,final_project_data\audio\voice_0498.wav
499,voice_0499.wav,"んふぅっ、ちゅうっ…わたくしも感じてしまいます…んっ、れりゅっ、んちゅっ、れりょっ…
",12.719614583333334,0.046954997,0.039468889216457026,3734.0981734229695,final_project_data\audio\voice_0499.wav
